Application;Manufacturer;Metric;Total licenses;License requirement;Available Licenses;Coverage;Compliance;Total license cost (USD);Users;Installations
@RISK 8.0;Palisade;Based on installations;0;1;0;0;-1;0,00;1;1
@RISK 8.3;Palisade;Based on installations;0;1;0;0;-1;0,00;0;1
@RISK 8.5;Lumivero;Based on installations;0;1;0;0;-1;0,00;0;1
@RISK 8.8;Lumivero;Based on installations;0;53;0;0;-53;0,00;0;54
3D Viewer 2;J. Morita Corporation;Based on installations;0;1;0;0;-1;0,00;1;1
3DxNlServer 1;3Dconnexion;Based on installations;0;2;0;0;-2;0,00;2;2
Abutment 2022;Fine Ltd.;Based on installations;0;7;0;0;-7;0,00;0;10
Abutment 2023;Fine Ltd.;Based on installations;0;2;0;0;-2;0,00;1;3
AccuGrade 10;Caterpillar;Based on installations;0;5;0;0;-5;0,00;0;5
AccuGrade 11;Caterpillar;Based on installations;0;5;0;0;-5;0,00;0;5
AccuGrade 6;Caterpillar;Based on installations;0;5;0;0;-5;0,00;0;5
ACDSee 2;ACD Systems;Based on installations;0;1;0;0;-1;0,00;2;0
ACE Pilot 6;Itron;Based on installations;0;6;0;0;-6;0,00;4;6
AcSELerator Architect 1;Schweitzer Engineering Labs, inc;Based on installations;0;1;0;0;-1;0,00;0;1
AcSELerator Architect 2;Schweitzer Engineering Labs, inc;Based on installations;0;3;0;0;-3;0,00;5;3
AcSELerator Quickset 6;Schweitzer Engineering Labs, inc;Based on installations;0;4;0;0;-4;0,00;4;4
AcSELerator Quickset 7;Schweitzer Engineering Labs, inc;Based on installations;0;28;0;0;-28;0,00;24;29
AD Info 1;Cjwdev;Based on installations;0;2;0;0;-2;0,00;5;2
ADJUST FRAME CAMERA 10;ESRI;Based on installations;0;9;0;0;-9;0,00;0;9
ADJUST FRAME CAMERA 16;ESRI;Based on installations;0;401;0;0;-401;0,00;0;401
ADMO 4;Omicron Syntax Data AB;Based on installations;0;2;0;0;-2;0,00;0;2
ADMO 5;Omicron Syntax Data AB;Based on installations;0;4;0;0;-4;0,00;0;4
Adobe Acrobat 2017;Adobe Inc.;Based on installations;0;3;0;0;-3;0,00;3;3
Adobe Acrobat 2017 Professional;Adobe Inc.;Based on installations;2;0;0;0;0;0,00;3;0
Adobe Acrobat 2020;Adobe Inc.;Based on installations;0;53;0;0;-53;0,00;53;52
Adobe Acrobat 5;Adobe Inc.;Based on installations;48;2;48;48;46;0,00;1;2
Adobe Acrobat 6 Standard;Adobe Inc.;Based on installations;0;1;1;1;0;0,00;0;1
Adobe Acrobat 7 Pro;Adobe Inc.;Based on installations;0;5;5;5;0;0,00;5;5
Adobe Acrobat 8 Pro;Adobe Inc.;Based on installations;0;1;1;1;0;0,00;1;1
Adobe Acrobat 8 Standard;Adobe Inc.;Based on installations;3;0;2;2;2;0,00;0;0
Adobe Acrobat 9 Pro;Adobe Inc.;Based on installations;2;5;5;5;0;0,00;5;5
Adobe Acrobat Capture 6;Adobe Inc.;Based on installations;0;1;0;0;-1;0,00;0;1
Adobe Acrobat Pro 2020;Adobe Inc.;Based on installations;56;3;25;25;22;0,00;48;3
Adobe Acrobat X Pro;Adobe Inc.;Based on installations;1;6;6;6;0;0,00;3;6
Adobe Acrobat XI Pro;Adobe Inc.;Based on installations;1;20;20;20;0;0,00;22;20
Adobe Captivate 6;Adobe Inc.;Based on installations;1;1;1;1;0;0,00;0;1
Adobe Captivate 9;Adobe Inc.;Based on installations;2;0;2;2;2;0,00;1;0
Adobe Creative Cloud Pro;Adobe Inc.;Based on total users;0;0;0;0;0;0,00;0;0
Adobe Creative Suite 5 Design Premium;Adobe Inc.;Based on installations;0;1;0;0;-1;0,00;0;1
Adobe Creative Suite 5.5 Design Premium;Adobe Inc.;Based on installations;0;1;0;0;-1;0,00;1;1
Adobe Creative Suite 6 Design Standard;Adobe Inc.;Based on installations;0;8;0;0;-8;0,00;6;8
Adobe Creative Suite 6 Master Collection;Adobe Inc.;Based on installations;1;2;1;1;-1;0,00;1;2
Adobe Dreamweaver CS5.5;Adobe Inc.;Based on installations;3;1;3;3;2;0,00;1;2
Adobe Flash CS5.5 Professional;Adobe Inc.;Based on installations;0;1;0;0;-1;0,00;0;2
Adobe Illustrator CS4;Adobe Inc.;Based on installations;1;0;1;1;1;0,00;0;0
Adobe Photoshop CS Portable 6;Portablesoft.org;Based on installations;0;1;0;0;-1;0,00;0;1
Adobe Photoshop CS6;Adobe Inc.;Based on installations;1;2;1;1;-1;0,00;10;11
Advance Steel 2021;Autodesk, Inc.;Based on installations;0;1;0;0;-1;0,00;0;1
Advance Steel 2024;Autodesk, Inc.;Based on installations;0;17;0;0;-17;0,00;0;16
Advance Steel 2026;Autodesk, Inc.;Based on total users;83;0;0;0;0;0,00;0;0
Agisoft Metashape 1;Agisoft;Based on installations;0;1;0;0;-1;0,00;1;1
Agisoft Metashape 1 Professional;Agisoft;Based on concurrent users;2;0;2;2;2;0,00;4;7
Agisoft Viewer 1;Agisoft;Based on installations;0;8;0;0;-8;0,00;0;7
AGU-Vallen Wavelet 2021;Vallen Systeme GmbH;Based on installations;0;1;0;0;-1;0,00;0;1
AGU-Vallen Wavelet 2022;Vallen Systeme GmbH;Based on installations;0;1;0;0;-1;0,00;0;1
AGU-Vallen Wavelet 2023;Vallen Systeme GmbH;Based on installations;0;1;0;0;-1;0,00;0;1
AIMMS 24.3;AIMMS;Based on installations;0;1;0;0;-1;0,00;1;1
AIMMS 24.5;AIMMS;Based on installations;0;1;0;0;-1;0,00;0;1
AIMMS 24.6;AIMMS;Based on installations;0;2;0;0;-2;0,00;0;2
AIMMS 25.1;AIMMS;Based on installations;0;1;0;0;-1;0,00;0;1
AIMMS 25.5;AIMMS;Based on installations;0;1;0;0;-1;0,00;0;1
AIMMS 25.9;AIMMS;Based on installations;0;1;0;0;-1;0,00;0;1
AIMMS 4;AIMMS;Based on installations;0;25;0;0;-25;0,00;14;25
Airtime 1;mmhmm inc.;Based on installations;0;1;0;0;-1;0,00;0;1
Align 1;BIM 42;Based on installations;0;1;0;0;-1;0,00;0;1
Allievi 3;ITA;Based on installations;0;4;0;0;-4;0,00;0;4
ALPHASET 3;ELSTER Messtechnik GmbH;Based on installations;0;1;0;0;-1;0,00;0;1
AMS Machinery Health Manager 5;Emerson Electric Co;Based on installations;0;1;0;0;-1;0,00;2;1
Anaconda 2019;Anaconda Inc;Based on installations;0;2;0;0;-2;0,00;0;2
Anaconda 2021;Anaconda Inc;Based on installations;0;3;0;0;-3;0,00;0;3
Anaconda 2022;Anaconda Inc;Based on installations;0;18;0;0;-18;0,00;11;18
Anaconda 2023;Anaconda Inc;Based on installations;0;40;0;0;-40;0,00;24;39
Anaconda 2024;Anaconda Inc;Based on installations;0;47;0;0;-47;0,00;20;44
Anaconda 2025;Anaconda Inc;Based on installations;0;5;0;0;-5;0,00;5;5
Andover Continuum 2;Schneider Electric;Based on installations;0;2;0;0;-2;0,00;0;2
Anti-Slide Pile 2023;Fine Ltd.;Based on installations;0;2;0;0;-2;0,00;0;3
AnyDesk 6;AnyDesk Software GmbH;Based on installations;0;3;0;0;-3;0,00;1;3
AnyDesk 7;AnyDesk Software GmbH;Based on installations;0;10;0;0;-10;0,00;10;10
AnyDesk 8;AnyDesk Software GmbH;Based on installations;0;3;0;0;-3;0,00;0;2
AnyDesk 9;AnyDesk Software GmbH;Based on installations;0;15;0;0;-15;0,00;20;15
ApowerMirror 1;Apowersoft.com;Based on installations;0;1;0;0;-1;0,00;1;1
ArcGIS 3D Analyst 10.4 for Desktop;ESRI;Based on installations;0;1;0;0;-1;0,00;0;1
ArcGIS 3D Analyst 10.5 for Desktop;ESRI;Based on installations;0;7;0;0;-7;0,00;0;7
ArcGIS 3D Analyst 10.7 for Desktop;ESRI;Based on installations;0;156;0;0;-156;0,00;0;155
ArcGIS 3D Analyst 10.8 for Desktop;ESRI;Based on installations;0;141;0;0;-141;0,00;1;142
ArcGIS Connection 10.5;ESRI;Based on installations;0;2;0;0;-2;0,00;3;9
ArcGIS Connection 10.9;ESRI;Based on installations;0;3;0;0;-3;0,00;0;3
ArcGIS Desktop 10.4;ESRI;Based on installations;0;1;0;0;-1;0,00;0;1
ArcGIS Desktop 10.5;ESRI;Based on installations;0;7;0;0;-7;0,00;3;7
ArcGIS Desktop 10.7;ESRI;Based on installations;0;158;0;0;-158;0,00;103;157
ArcGIS Desktop 10.8;ESRI;Based on installations;0;142;0;0;-142;0,00;105;143
ArcGIS Diagrammer 10;ESRI;Based on installations;0;1;0;0;-1;0,00;0;1
ArcGIS Drone2Map 2;ESRI;Based on installations;0;1;0;0;-1;0,00;0;1
ArcGIS Drone2Map 2023;ESRI;Based on installations;0;1;0;0;-1;0,00;1;1
ArcGIS File Handler 10;ESRI;Based on installations;0;311;0;0;-311;0,00;100;311
ArcGIS for Server 11.1;ESRI;Based on installations;0;1;0;0;-1;0,00;0;1
ArcGIS Insights 2020;ESRI;Based on installations;0;1;0;0;-1;0,00;0;1
ArcGIS Insights 2024;ESRI;Based on installations;0;1;0;0;-1;0,00;0;1
ArcGIS Pro 2.7;ESRI;Based on installations;0;2;0;0;-2;0,00;2;2
ArcGIS Pro 2.9;ESRI;Based on installations;0;18;0;0;-18;0,00;16;18
ArcGIS Pro 3.0;ESRI;Based on installations;0;2;0;0;-2;0,00;2;2
ArcGIS Pro 3.1;ESRI;Based on installations;0;6;0;0;-6;0,00;6;6
ArcGIS Pro 3.2;ESRI;Based on installations;0;8;0;0;-8;0,00;8;8
ArcGIS Pro 3.3;ESRI;Based on installations;0;77;0;0;-77;0,00;92;77
ArcGIS Pro 3.4;ESRI;Based on installations;0;5;0;0;-5;0,00;11;5
ArcGIS Pro 3.5;ESRI;Based on installations;0;100;0;0;-100;0,00;99;101
ArcGIS Pro 3.5 + Interoperability Extension;ESRI;Based on installations;0;2;0;0;-2;0,00;2;2
ArcGIS Pro 3.6;ESRI;Based on installations;0;8;0;0;-8;0,00;7;8
ArcGIS Server 10;ESRI;Based on installations;0;9;0;0;-9;0,00;0;9
ArchiCAD 24;Graphisoft;Based on installations;0;1;0;0;-1;0,00;0;1
ArchiCAD 25;Graphisoft;Based on installations;0;1;0;0;-1;0,00;1;1
ArchiCAD 26;Graphisoft;Based on installations;0;3;0;0;-3;0,00;4;3
ArchiCAD 27;Graphisoft;Based on installations;0;2;0;0;-2;0,00;2;2
ArchiCAD 28;Graphisoft;Based on installations;0;3;0;0;-3;645,00;2;3
ArchiCAD 29;Graphisoft;Based on installations;0;5;0;0;-5;0,00;2;5
ATPDraw 5;Hans Kristian Høidalen, NTNU-Norway;Based on installations;0;3;0;0;-3;0,00;4;3
ATPDraw 6;Hans Kristian Høidalen, NTNU-Norway;Based on installations;0;1;0;0;-1;0,00;1;1
AuraPortal Helium modeler 1;AuraPortal;Based on installations;0;6;0;0;-6;0,00;0;6
AutoCAD 2020;Autodesk, Inc.;Based on installations;0;4;0;0;-4;0,00;0;4
AutoCAD 2021;Autodesk, Inc.;Based on installations;0;25;0;0;-25;0,00;8;27
AutoCAD 2021 including Specialized Toolsets;Autodesk, Inc.;Based on installations;0;2;0;0;-2;0,00;0;1
AutoCAD 2024;Autodesk, Inc.;Based on installations;0;297;0;0;-297;0,00;385;465
AutoCAD 2024 including Specialized Toolsets;Autodesk, Inc.;Based on installations;0;169;0;0;-169;0,00;147;172
AutoCAD 2026;Autodesk, Inc.;Based on total users;82;0;0;0;0;0,00;21;25
AutoCAD Architecture 2018;Autodesk, Inc.;Based on installations;0;3;0;0;-3;0,00;1;3
AutoCAD Architecture 2020;Autodesk, Inc.;Based on installations;0;1;0;0;-1;0,00;0;1
AutoCAD Architecture 2021;Autodesk, Inc.;Based on installations;0;11;0;0;-11;0,00;4;12
AutoCAD Architecture 2026;Autodesk, Inc.;Based on total users;82;0;0;0;0;0,00;1;1
AutoCAD Civil 3D 2020;Autodesk, Inc.;Based on installations;0;1;0;0;-1;0,00;1;1
AutoCAD Civil 3D 2021;Autodesk, Inc.;Based on installations;0;1;0;0;-1;0,00;1;2
AutoCAD Civil 3D 2024;Autodesk, Inc.;Based on installations;0;177;0;0;-177;0,00;163;179
AutoCAD Civil 3D 2026;Autodesk, Inc.;Based on total users;568;0;0;0;0;0,00;4;4
AutoCAD Map 3D 2019;Autodesk, Inc.;Based on installations;0;1;0;0;-1;0,00;0;1
AutoCAD Map 3D 2021;Autodesk, Inc.;Based on installations;0;4;0;0;-4;0,00;0;5
AutoCAD Map 3D 2024;Autodesk, Inc.;Based on installations;0;2;0;0;-2;0,00;51;61
AutoCAD Mechanical 2021;Autodesk, Inc.;Based on installations;0;1;0;0;-1;0,00;3;1
AutoCAD MEP 2019;Autodesk, Inc.;Based on installations;0;1;0;0;-1;0,00;0;1
AutoCAD Plant 3D 2021;Autodesk, Inc.;Based on installations;0;3;0;0;-3;0,00;2;3
AutoCAD Plant 3D 2022;Autodesk, Inc.;Based on installations;0;1;0;0;-1;0,00;0;1
AutoCAD Raster Design 2021;Autodesk, Inc.;Based on installations;0;2;0;0;-2;0,00;0;2
AutoCAD Web App (Cloud);Autodesk, Inc.;Based on total users;0;0;0;0;0;0,00;11;0
Autodesk 3ds Max 2021;Autodesk, Inc.;Based on installations;0;3;0;0;-3;0,00;0;3
Autodesk 3ds Max 2022;Autodesk, Inc.;Based on installations;0;1;0;0;-1;0,00;0;1
Autodesk 3ds Max 2024;Autodesk, Inc.;Based on installations;0;4;0;0;-4;0,00;0;4
Autodesk Architecture, Engineering & Construction Collection 2024 AEC;Autodesk, Inc.;Based on installations;0;1;0;0;-1;0,00;2;1
Autodesk BIM Collaborate Pro 2022 User License;Autodesk, Inc.;Based on total users;0;0;0;0;0;0,00;0;0
Autodesk Cloud Models for Revit 2020;Autodesk, Inc.;Based on installations;0;3;0;0;-3;0,00;0;3
Autodesk Cloud Models for Revit 2021;Autodesk, Inc.;Based on installations;0;40;0;0;-40;0,00;0;40
Autodesk Cloud Models for Revit 2022;Autodesk, Inc.;Based on installations;0;1;0;0;-1;0,00;0;1
Autodesk Copy Design 2019;Autodesk, Inc.;Based on installations;0;1;0;0;-1;0,00;0;1
Autodesk Copy Design 2021;Autodesk, Inc.;Based on installations;0;6;0;0;-6;0,00;0;6
Autodesk Copy Design 2022;Autodesk, Inc.;Based on installations;0;1;0;0;-1;0,00;0;1
Autodesk Data Connector for Power BI v2;Autodesk, Inc.;Based on installations;0;1;0;0;-1;0,00;0;1
Autodesk Formit v21;Autodesk, Inc.;Based on installations;0;2;0;0;-2;0,00;0;2
Autodesk Formit v24;Autodesk, Inc.;Based on installations;0;7;0;0;-7;0,00;1;7
Autodesk Fusion 360;Autodesk, Inc.;Based on installations;0;11;0;0;-11;0,00;8;11
Autodesk InfraWorks 2021;Autodesk, Inc.;Based on installations;0;7;0;0;-7;0,00;1;7
Autodesk InfraWorks 2022;Autodesk, Inc.;Based on installations;0;1;0;0;-1;0,00;0;1
Autodesk InfraWorks 2024;Autodesk, Inc.;Based on installations;0;45;0;0;-45;0,00;22;47
Autodesk Inventor 2019 Professional;Autodesk, Inc.;Based on installations;0;1;0;0;-1;0,00;0;1
Autodesk Inventor 2021 Professional;Autodesk, Inc.;Based on installations;0;1;0;0;-1;0,00;0;1
Autodesk Inventor 2024 Professional;Autodesk, Inc.;Based on installations;0;60;0;0;-60;0,00;53;60
Autodesk Inventor Nastran 2020;Autodesk, Inc.;Based on installations;0;1;0;0;-1;0,00;0;1
Autodesk Inventor Nastran 2022;Autodesk, Inc.;Based on installations;0;3;0;0;-3;0,00;0;3
Autodesk Inventor Nastran 2024;Autodesk, Inc.;Based on installations;0;4;0;0;-4;0,00;0;4
Autodesk Lighting Analysis 2024 for Revit;Autodesk, Inc.;Based on installations;0;4;0;0;-4;0,00;0;4
Autodesk Lighting Analysis 2026 for Revit;Autodesk, Inc.;Based on installations;0;1;0;0;-1;0,00;0;1
Autodesk Nastran 2018;Autodesk, Inc.;Based on installations;0;2;0;0;-2;0,00;0;2
Autodesk Navisworks Exporters 2022;Autodesk, Inc.;Based on installations;0;1;0;0;-1;0,00;0;1
Autodesk NavisWorks Manage 2019;Autodesk, Inc.;Based on installations;0;2;0;0;-2;0,00;1;2
Autodesk NavisWorks Manage 2021;Autodesk, Inc.;Based on installations;0;21;0;0;-21;0,00;5;20
Autodesk NavisWorks Manage 2022;Autodesk, Inc.;Based on installations;0;1;0;0;-1;0,00;0;1
Autodesk NavisWorks Manage 2024;Autodesk, Inc.;Based on installations;0;114;0;0;-114;0,00;53;116
Autodesk ReCap 2019 Pro;Autodesk, Inc.;Based on installations;0;2;0;0;-2;0,00;1;2
Autodesk ReCap 2019 Pro Standalone License;Autodesk, Inc.;Based on installations;0;3;0;0;-3;0,00;0;3
Autodesk ReCap 2021 Pro;Autodesk, Inc.;Based on installations;0;6;0;0;-6;0,00;0;6
Autodesk ReCap 2023 Pro;Autodesk, Inc.;Based on installations;0;1;0;0;-1;0,00;0;1
Autodesk ReCap 2024 Pro;Autodesk, Inc.;Based on installations;0;39;0;0;-39;0,00;20;40
Autodesk Revit 2018;Autodesk, Inc.;Based on installations;0;1;0;0;-1;0,00;0;1
Autodesk Revit 2021;Autodesk, Inc.;Based on installations;0;8;0;0;-8;0,00;5;7
Autodesk Revit 2024;Autodesk, Inc.;Based on installations;0;280;0;0;-280;0,00;165;279
Autodesk Revit Issues Add-in 2021;Autodesk, Inc.;Based on installations;0;5;0;0;-5;0,00;0;5
Autodesk Revit Issues Add-in 2025;Autodesk, Inc.;Based on installations;0;1;0;0;-1;0,00;0;1
Autodesk Revit Issues Add-in 2026;Autodesk, Inc.;Based on installations;0;1;0;0;-1;0,00;0;1
Autodesk Robot Structural Analysis 2019 Professional;Autodesk, Inc.;Based on installations;0;1;0;0;-1;0,00;0;1
Autodesk Robot Structural Analysis 2021 Professional;Autodesk, Inc.;Based on installations;0;1;0;0;-1;0,00;0;1
Autodesk Robot Structural Analysis 2024 Professional;Autodesk, Inc.;Based on installations;0;25;0;0;-25;0,00;9;26
Autodesk Vault Professional 2019 Client;Autodesk, Inc.;Based on installations;0;1;0;0;-1;0,00;0;1
Autodesk Vault Professional 2021 Client;Autodesk, Inc.;Based on installations;0;5;0;0;-5;0,00;0;5
Autodesk Vault Professional 2022 Client;Autodesk, Inc.;Based on installations;0;1;0;0;-1;0,00;0;1
Autodesk Vault Professional 2024 Client;Autodesk, Inc.;Based on installations;0;323;0;0;-323;0,00;208;320
Autodesk Vehicle Tracking 2020;Autodesk, Inc.;Based on installations;0;1;0;0;-1;0,00;0;1
Autodesk Vehicle Tracking 2021;Autodesk, Inc.;Based on installations;0;27;0;0;-27;0,00;0;28
Autodesk Vehicle Tracking 2022;Autodesk, Inc.;Based on installations;0;1;0;0;-1;0,00;0;1
Autodesk Vehicle Tracking 2024;Autodesk, Inc.;Based on installations;0;179;0;0;-179;0,00;0;181
Availability Workbench 5;Isograph Ltd.;Based on installations;0;42;0;0;-42;0,00;21;42
Babylon 5;Babylon Ltd;Based on installations;1;1;1;1;0;0,00;3;1
Babylon 6;Babylon Ltd;Based on installations;0;1;0;0;-1;0,00;1;1
Bandicam Screen Recorder 4;Bandicam Company;Based on installations;0;1;0;0;-1;0,00;2;1
BCF Manager 7.1 for Navisworks;KUBUS BV;Based on installations;0;1;0;0;-1;0,00;0;1
Beam 2022;Fine Ltd.;Based on installations;0;7;0;0;-7;0,00;0;10
Beam 2023;Fine Ltd.;Based on installations;0;2;0;0;-2;0,00;1;3
Benchmark Factory for Databases 8.3;Quest Software;Based on installations;0;4;0;0;-4;0,00;0;32
Benthic Golden 5;Benthic Software;Based on installations;0;1;0;0;-1;0,00;0;1
Benthic Golden 7;Benthic Software;Based on installations;0;1;0;0;-1;0,00;0;1
Bentley DGNindex Options Windows 10.00;Bentley Systems, Incorporated;Based on installations;0;7;0;0;-7;0,00;0;7
Bentley HAMMER 2024;Bentley Systems, Incorporated;Based on installations;0;4;0;0;-4;0,00;14;58
Bentley HAMMER V8i;Bentley Systems, Incorporated;Based on installations;0;2;0;0;-2;0,00;3;2
Bentley LumenRT Connect Edition;Bentley Systems, Incorporated;Based on installations;0;1;0;0;-1;0,00;0;1
Bentley MicroStation 2024;Bentley Systems, Incorporated;Based on installations;0;8;0;0;-8;0,00;2;7
Bentley Microstation Connect 10;Bentley Systems, Incorporated;Based on installations;0;7;0;0;-7;0,00;0;7
Bentley OpenFlows SewerGEMS 10;Bentley Systems, Incorporated;Based on installations;0;5;0;0;-5;0,00;2;5
Bentley OpenFlows Water Standard 2024;Bentley Systems, Incorporated;Based on installations;0;56;0;0;-56;0,00;13;54
Bentley ProjectWise Drive 2024;Bentley Systems, Incorporated;Based on installations;0;6;0;0;-6;0,00;5;5
Bentley ProjectWise Drive 2025;Bentley Systems, Incorporated;Based on installations;0;3;0;0;-3;0,00;6;3
Bentley RAM Connection 13;Bentley Systems, Incorporated;Based on installations;0;4;0;0;-4;0,00;0;4
Bentley RAM Connection 24;Bentley Systems, Incorporated;Based on installations;0;1;0;0;-1;0,00;0;1
Bentley RAM Connection 25;Bentley Systems, Incorporated;Based on installations;0;1;0;0;-1;0,00;0;1
Bentley View 10 Connect Edition;Bentley Systems, Incorporated;Based on installations;0;2;0;0;-2;0,00;0;2
Bentley WaterCAD 24;Bentley Systems, Incorporated;Based on installations;0;12;0;0;-12;0,00;15;64
Bentley WaterGEMS 10 Connect;Bentley Systems, Incorporated;Based on installations;0;6;0;0;-6;0,00;1;6
Bentley WaterGEMS 2024;Bentley Systems, Incorporated;Based on installations;0;103;0;0;-103;0,00;78;99
BIM 360 (Cloud);Autodesk, Inc.;Based on total users;0;0;0;0;0;0,00;76;0
BioWin 6.2;EnviroSim;Based on installations;0;6;0;0;-6;0,00;1;6
BMC AppSight Black Box 7.5;BMC Software, Inc.;Based on installations;0;1;0;0;-1;0,00;1;1
BMC Client Management - Master Server 12.6;BMC Software, Inc.;Based on installations;0;9;0;0;-9;0,00;0;9
Burp Suite 2025 Professional;PortSwigger Ltd.;Based on installations;0;4;0;0;-4;0,00;3;4
Bypass Skyhigh 4;Skyhigh Security;Based on installations;0;207;0;0;-207;0,00;24;204
CADSoftTools Thumbnails 15;CADSoftTools;Based on installations;0;1;0;0;-1;0,00;0;1
CAISSON 16;Power Line Systems Inc.;Based on installations;0;1;0;0;-1;0,00;0;1
CAISSON 18;Power Line Systems Inc.;Based on installations;0;3;0;0;-3;0,00;1;3
CAISSON 20;Power Line Systems Inc.;Based on installations;0;1;0;0;-1;0,00;0;1
CALegration 1;EMH;Based on installations;0;1;0;0;-1;0,00;1;1
Cantilever Wall 2022;Fine Ltd.;Based on installations;0;7;0;0;-7;0,00;1;10
Cantilever Wall 2023;Fine Ltd.;Based on installations;0;2;0;0;-2;0,00;2;4
Canva 1;Canva Pty Ltd;Based on installations;0;8;0;0;-8;0,00;9;8
Carlson 2023 With AutoCAD 2019;Carlson Software;Based on installations;0;3;0;0;-3;0,00;0;3
CCleaner 6;Piriform Software Ltd;Based on installations;0;1;0;0;-1;0,00;1;1
CHC Geomatics Office 2;CHC NAV;Based on installations;0;7;0;0;-7;0,00;2;7
CHCNAV CoPre 2;CHC NAV;Based on installations;0;2;0;0;-2;0,00;0;2
Check Point Endpoint Connect 98 (Mac);Checkpoint Systems, Inc;Based on installations;0;2;0;0;-2;0,00;5;2
Check Point Firewall 87 (Mac);Check Point Software Technologies Ltd.;Based on installations;0;1;0;0;-1;0,00;1;1
Check Point Full Disk Encryption 86;Check Point Software Technologies Ltd.;Based on installations;0;1;0;0;-1;0,00;0;1
Check Point VPN E80.51;Check Point Software Technologies Ltd.;Based on installations;0;1;0;0;-1;0,00;1;1
Check Point VPN E84.00;Check Point Software Technologies Ltd.;Based on installations;0;3;0;0;-3;0,00;11;3
Check Point VPN E84.30;Check Point Software Technologies Ltd.;Based on installations;0;1;0;0;-1;0,00;2;1
Check Point VPN E84.60;Check Point Software Technologies Ltd.;Based on installations;0;1;0;0;-1;0,00;1;1
Check Point VPN E85.00;Check Point Software Technologies Ltd.;Based on installations;0;215;0;0;-215;0,00;382;217
Check Point VPN E85.20;Check Point Software Technologies Ltd.;Based on installations;0;4;0;0;-4;0,00;8;4
Check Point VPN E85.40;Check Point Software Technologies Ltd.;Based on installations;0;1552;0;0;-1552;0,00;2573;1560
Check Point VPN E86.0;Check Point Software Technologies Ltd.;Based on installations;0;3;0;0;-3;0,00;10;3
Check Point VPN E86.10;Check Point Software Technologies Ltd.;Based on installations;0;1;0;0;-1;0,00;2;1
Check Point VPN E86.40;Check Point Software Technologies Ltd.;Based on installations;0;22;0;0;-22;0,00;50;22
Check Point VPN E86.50;Check Point Software Technologies Ltd.;Based on installations;0;2581;0;0;-2581;0,00;4317;2585
Check Point VPN E86.80;Check Point Software Technologies Ltd.;Based on installations;0;1544;0;0;-1544;0,00;2747;1548
Check Point VPN E87.00;Check Point Software Technologies Ltd.;Based on installations;0;4;0;0;-4;0,00;6;4
Check Point VPN E87.10;Check Point Software Technologies Ltd.;Based on installations;0;3;0;0;-3;0,00;3;3
Check Point VPN E87.30;Check Point Software Technologies Ltd.;Based on installations;0;4;0;0;-4;0,00;1;4
Check Point VPN E88.00;Check Point Software Technologies Ltd.;Based on installations;0;210;0;0;-210;0,00;312;209
Check Point VPN E88.30;Check Point Software Technologies Ltd.;Based on installations;0;149;0;0;-149;0,00;259;149
Check Point VPN E88.50;Check Point Software Technologies Ltd.;Based on installations;0;128;0;0;-128;0,00;227;128
Check Point VPN E89.00;Check Point Software Technologies Ltd.;Based on installations;0;80;0;0;-80;0,00;114;81
CIMCO Edit 5;CIMCO A/S;Based on installations;0;1;0;0;-1;0,00;0;1
CIMPLICITY HMI/SCADA 12;GE Vernova;Based on installations;0;1;0;0;-1;0,00;0;1
Cinema 4D 9.5;MAXON Computer GMBH;Based on installations;0;0;0;0;0;0,00;0;0
Cisco AnyConnect Secure Mobility Client 4;Cisco Systems, Inc.;Based on installations;0;1;0;0;-1;0,00;0;1
Cisco AnyConnect Secure Mobility Client 5;Cisco Systems, Inc.;Based on installations;0;2;0;0;-2;0,00;0;3
Cisco AnyConnect Umbrella Diagnostic Tool 5.1;Cisco Systems, Inc.;Based on installations;0;2;0;0;-2;0,00;0;3
Cisco Packet Tracer 7;Cisco Systems, Inc.;Based on installations;0;1;0;0;-1;0,00;0;1
Cisco Packet Tracer 8;Cisco Systems, Inc.;Based on installations;0;1;0;0;-1;0,00;0;1
Citrix Analytics 22;Citrix Systems, Inc.;Based on installations;0;7;0;0;-7;0,00;1230;115
Civil Table Tools 1.0;DotSoft;Based on installations;0;1;0;0;-1;0,00;0;1
CleverPDF 3;CleverPDF;Based on installations;0;1;0;0;-1;0,00;1;1
ClickShare 1;Barco N.V.;Based on installations;0;1;0;0;-1;0,00;0;1
ClickShare 4;Barco N.V.;Based on installations;0;127;0;0;-127;0,00;130;128
Code Tester for Oracle 3.6;Quest Software;Based on installations;0;27;0;0;-27;0,00;0;30
CodeMeter 5;Wibu Systems;Based on installations;0;5;0;0;-5;0,00;0;5
CodeMeter 6;Wibu Systems;Based on installations;0;2;0;0;-2;0,00;0;2
CodeMeter 7;Wibu Systems;Based on installations;0;54;0;0;-54;0,00;1;54
CodeMeter 8;Wibu Systems;Based on installations;0;45;0;0;-45;0,00;19;46
ColdFormed Steel Design 14;RSG Engineering Ltd;Based on installations;0;1;0;0;-1;0,00;1;1
COMSOL CAD Import Module 6.1;COMSOL AB;Based on installations;0;1;0;0;-1;0,00;0;1
COMSOL Compiler 6;COMSOL INC.;Based on installations;0;1;0;0;-1;0,00;0;1
Comsol Desktop 6;COMSOL AB;Based on installations;0;1;0;0;-1;0,00;0;1
COMSOL Multiphysics 6.1;COMSOL AB;Based on installations;1;1;1;1;0;0,00;1;1
ConfIML 7;Windmill Software Ltd;Based on installations;0;1;0;0;-1;0,00;0;1
Confluent Cloud CLI 1;Confluent;Based on installations;0;1;0;0;-1;0,00;0;1
Control and Management Software 2.7;NOJA Power Switchgear Pty Ltd;Based on installations;0;1;0;0;-1;0,00;0;1
Control and Management Software 3.16;NOJA Power Switchgear Pty Ltd;Based on installations;0;19;0;0;-19;0,00;0;19
Control System Toolbox 2025b;The MathWorks;Based on installations;0;1;0;0;-1;0,00;0;1
Convert To Rinex 3;Trimble Inc.;Based on installations;0;4;0;0;-4;0,00;0;4
Coordinate System Manager 3.8;Trimble Inc.;Based on installations;0;3;0;0;-3;0,00;1;3
Coordinate System Manager 3.9;Trimble Inc.;Based on installations;0;1;0;0;-1;0,00;1;1
Coordinate System Manager 4.0;Trimble Inc.;Based on installations;0;1;0;0;-1;0,00;1;1
Cosmos Browser 2025;Chaos Software GmbH;Based on installations;0;4;0;0;-4;0,00;12;4
Cosmos Browser 2026;Chaos Software GmbH;Based on installations;0;9;0;0;-9;0,00;11;9
CPU, Disk, Memory Performance Monitoring 2018;Nimsoft Corporation;Based on installations;0;1;0;0;-1;0,00;0;1
CRBasic editor 3;Campbell Scientific, Inc.;Based on installations;0;23;0;0;-23;0,00;12;24
Cricut Design Space Desktop 8;Cricut;Based on installations;0;1;0;0;-1;0,00;0;1
CSET 12;CISA;Based on installations;0;1;0;0;-1;0,00;1;1
Cursor 1;Anysphere;Based on installations;0;4;0;0;-4;0,00;9;3
Cursor 2;Anysphere;Based on installations;0;8;0;0;-8;0,00;6;8
Curve Fitting Toolbox 2025b;The MathWorks;Based on installations;0;1;0;0;-1;0,00;0;1
CYME Energy Profiles Manager 1;CYME International;Based on installations;0;3;0;0;-3;0,00;0;3
CYME License Manager 1;CYME International;Based on installations;0;1;0;0;-1;0,00;1;1
CYME License Manager 3;CYME International;Based on installations;0;10;0;0;-10;0,00;3;10
CYME Power Engineering Software 5;Eaton;Based on installations;0;3;0;0;-3;0,00;0;3
CYME Power Engineering Software 9;Eaton;Based on installations;0;113;0;0;-113;0,00;73;112
CYMGRD 7;CYME International;Based on installations;0;9;0;0;-9;0,00;1;9
CYMGRD 8;CYME International;Based on installations;1;10;1;1;-9;0,00;5;10
CYPE 2024;CYPE Ingenieros,S.A;Based on installations;1;1;1;1;0;0,00;0;1
Datacard ID Works 6.5 Standard;DataCard Corporation;Based on installations;0;2;0;0;-2;0,00;1;2
DDS 4;Adash;Based on installations;0;2;0;0;-2;0,00;1;2
DigiPro 2;Soil Instruments;Based on installations;0;21;0;0;-21;0,00;12;21
DIGSI 4 v4;Siemens AG;Based on installations;0;4;0;0;-4;0,00;2;4
DIGSI 5 v9;Siemens AG;Based on installations;0;6;0;0;-6;0,00;3;6
DIgSILENT PowerFactory 15;DIgSILENT GmbH;Based on installations;9;1;9;9;8;0,00;0;1
DIgSILENT PowerFactory 2019;DIgSILENT GmbH;Based on installations;0;1;0;0;-1;0,00;1;1
DIgSILENT PowerFactory 2021;DIgSILENT GmbH;Based on installations;0;13;0;0;-13;0,00;4;13
DIgSILENT PowerFactory 2022;DIgSILENT GmbH;Based on installations;0;11;0;0;-11;0,00;5;11
DIgSILENT PowerFactory 2023;DIgSILENT GmbH;Based on installations;0;24;0;0;-24;0,00;19;24
DIgSILENT PowerFactory 2024;DIgSILENT GmbH;Based on installations;0;38;0;0;-38;0,00;30;38
DIgSILENT PowerFactory 2025;DIgSILENT GmbH;Based on installations;0;38;0;0;-38;0,00;29;39
Disk Drill Media Recovery 6 (Mac);CleverFiles;Based on installations;0;1;0;0;-1;0,00;1;1
DJI Assistant 2 Enterprise;DJI;Based on installations;0;1;0;0;-1;0,00;0;1
DJI Terra 2;DJI;Based on installations;0;2;0;0;-2;0,00;2;2
DJI Terra 3;DJI;Based on installations;0;2;0;0;-2;0,00;0;2
Dotfuscator 6 Professional Edition;PreEmptive Solutions;Based on installations;0;1;0;0;-1;0,00;0;1
Dran-View 6;Trinergi AB;Based on installations;99;1;99;99;98;0,00;0;1
DSP System Toolbox 2025b;The MathWorks;Based on installations;0;1;0;0;-1;0,00;0;1
DTA 6 Pro;Doble Engineering Company;Based on installations;0;4;0;0;-4;0,00;3;4
Duo Desktop 7;Cisco Systems, Inc.;Based on installations;0;6;0;0;-6;0,00;21;7
Duolingo English Test 3;Duolingo;Based on installations;0;2;0;0;-2;0,00;0;2
EAGLE 7;CadSoft;Based on installations;0;1;0;0;-1;0,00;0;1
Earth Pressures 2023;Fine Ltd.;Based on installations;0;2;0;0;-2;0,00;0;3
EaseUS Todo Backup 5;EaseUS Software;Based on installations;0;1;0;0;-1;0,00;0;1
Easy Media Creator 10 Business;Roxio;Based on installations;0;13;0;0;-13;0,00;1;13
EASYCAL 4;BRAND GMBH;Based on installations;0;2;0;0;-2;0,00;0;2
Easyduct 2024;CYPE Ingenieros,S.A;Based on installations;0;1;0;0;-1;0,00;0;1
Easy-Mark 1;PANDUIT CORP;Based on installations;0;19;0;0;-19;0,00;13;19
Easy-Mark 1 Plus;PANDUIT CORP;Based on installations;0;20;0;0;-20;0,00;0;20
EasyMorph 1;EasyMorph;Based on installations;0;2;0;0;-2;0,00;0;2
EasyMorph 5;EasyMorph;Based on installations;0;2;0;0;-2;0,00;0;2
eBUS Player 4;Pleora Technologies Inc;Based on installations;0;4;0;0;-4;0,00;0;4
Ecodial Advanced Calculation 4;Schneider Electric;Based on installations;0;1;0;0;-1;0,00;0;1
Ecodial Advanced Calculation 5;Schneider Electric;Based on installations;0;4;0;0;-4;0,00;0;4
EcoStruxure Building Operation 3;Schneider Electric;Based on installations;0;1;0;0;-1;0,00;0;1
EcoStruxure Power Monitoring Expert 11;Schneider Electric;Based on installations;0;2;0;0;-2;0,00;2;2
EcoStruxure Power Monitoring Expert 8;Schneider Electric;Based on installations;0;1;0;0;-1;0,00;0;1
eDrawings 33;Dassault Systemes;Based on installations;0;1;0;0;-1;0,00;0;1
EES 7;F-Chart Software, LLC.;Based on installations;0;1;0;0;-1;0,00;0;1
EmEditor 24;Emurasoft;Based on installations;0;1;0;0;-1;0,00;1;1
Enscape 4;Chaos Software GmbH;Based on installations;0;19;0;0;-19;0,00;0;19
EPM Automate 1;Oracle;Based on installations;0;1;0;0;-1;0,00;0;1
EPRI OpenDSS 8;EPRI;Based on installations;0;3;0;0;-3;0,00;0;3
Epson ScanSmart 3 (Mac);EPSON;Based on installations;0;1;0;0;-1;0,00;0;1
ETABS 16.2;Computers and Structures Inc.;Based on installations;0;1;0;0;-1;0,00;1;1
EVEREST 5 Ultimate;Lavalys;Based on installations;0;1;0;0;-1;0,00;0;1
EViews 11;IHS Markit;Based on installations;0;1;0;0;-1;0,00;0;1
EViews 13;IHS Markit;Based on installations;0;5;0;0;-5;0,00;0;5
EViews 9;IHS Markit;Based on installations;0;1;0;0;-1;0,00;0;1
Evolver 8;Lumivero;Based on installations;0;1;0;0;-1;0,00;0;1
Excel Password Recovery Master 4;Rixler Software;Based on installations;0;1;0;0;-1;0,00;0;1
exe4j 9;ej-technologies GmbH;Based on installations;0;1;0;0;-1;0,00;0;1
Express Zip 11 Plus;NCH Software;Based on installations;0;1;0;0;-1;0,00;0;1
Extron Room Agent 2;Extron Electronics;Based on installations;0;2;0;0;-2;0,00;2;2
f.lux 4;Flux Software;Based on installations;0;2;0;0;-2;0,00;2;2
FastObjects .NET Server 10;Versant Corporation;Based on installations;0;2;0;0;-2;0,00;0;2
FastStone ImageViewer 7;FastStone;Based on installations;0;1;0;0;-1;0,00;0;1
Fiddler Everywhere 5.19;Progress Software Corporation;Based on installations;0;1;0;0;-1;0,00;0;1
Field Manager 1;Eagle Research Corp;Based on installations;0;5;0;0;-5;0,00;4;5
Figma 125;Figma;Based on installations;0;1;0;0;-1;0,00;0;1
Figma 126;Figma;Based on installations;0;1;0;0;-1;0,00;1;1
Financial Reporting Studio 11;Oracle;Based on installations;0;4;0;0;-4;0,00;1;4
FireEye Agent 36;FireEye Inc.;Based on installations;0;1;0;0;-1;0,00;0;1
Fixed-Point Designer 2025b;The MathWorks;Based on installations;0;1;0;0;-1;0,00;0;1
FLIR Thermal Studio Suite 2;FLIR Systems, Inc.;Based on installations;0;8;0;0;-8;0,00;7;8
FLIR Video Player 1;FLIR Systems, Inc.;Based on installations;0;1;0;0;-1;0,00;0;1
Fluke SmartView 4;Fluke Corporation;Based on installations;0;4;0;0;-4;0,00;2;4
FlukeView Forms 3;Fluke Corporation;Based on installations;0;1;0;0;-1;0,00;0;1
FlukeView Forms Designer 3;Fluke Corporation;Based on installations;0;1;0;0;-1;0,00;0;1
FlukeView ScopeMeter 5;Fluke Corporation;Based on installations;0;4;0;0;-4;0,00;0;4
FME 2025 Form;Safe Software Inc.;Based on installations;0;16;0;0;-16;0,00;0;16
FME Data Inspector 2022;Safe Software Inc.;Based on installations;0;1;0;0;-1;0,00;0;1
FME Workbench 2022;Safe Software Inc.;Based on installations;0;1;0;0;-1;0,00;0;1
FMEObjects Worker 2022;Safe Software Inc.;Based on installations;0;1;0;0;-1;0,00;0;1
Forma Add-In for Revit 0.9;Autodesk, Inc.;Based on installations;0;3;0;0;-3;0,00;0;3
FortiClient 5;Fortinet, Inc.;Based on installations;0;1;0;0;-1;0,00;1;1
FortiClient 6;Fortinet, Inc.;Based on installations;0;1;0;0;-1;0,00;2;1
FortiClient 7;Fortinet, Inc.;Based on installations;0;1;0;0;-1;0,00;9;16
Fortify Static Code Analyzer 24.4 Community Edition;Open Text Corporation;Based on installations;0;1;0;0;-1;0,00;0;1
Foxit PhantomPDF Suite 2;Foxit Software Incorporated;Based on installations;0;1;0;0;-1;0,00;1;1
Freemake Video Converter 2;Freemake;Based on installations;0;1;0;0;-1;0,00;1;1
Freemake Video Converter 4;Freemake;Based on installations;0;1;0;0;-1;0,00;1;1
FreeWave Tool Suite 2;FreeWave Technologies;Based on installations;0;4;0;0;-4;0,00;2;4
Frontier Analyst 4;Banxia Software Ltd.;Based on installations;0;1;0;0;-1;0,00;1;1
FTK Imager 4;Exterro;Based on installations;0;1;0;0;-1;0,00;0;1
Fuzzy Logic Toolbox 2025b;The MathWorks;Based on installations;0;1;0;0;-1;0,00;0;1
Gabion 2022;Fine Ltd.;Based on installations;0;7;0;0;-7;0,00;3;10
Gabion 2023;Fine Ltd.;Based on installations;0;2;0;0;-2;0,00;0;3
Gabion 2025;Fine Ltd.;Based on installations;0;3;0;0;-3;0,00;0;3
GAMS 46.4;GAMS Development;Based on installations;0;1;0;0;-1;0,00;0;1
GAMS Studio 1.1;GAMS Development;Based on installations;0;7;0;0;-7;0,00;0;7
Genesys Cloud 2;Genesys;Based on installations;0;1;0;0;-1;0,00;1;1
GEO5 2022 Suite;Fine Ltd.;Based on installations;0;3;0;0;-3;0,00;0;3
GEO5 2023 Suite;Fine Ltd.;Based on installations;0;2;0;0;-2;0,00;2;2
GeoMedia Desktop 2016;Intergraph Corporation;Based on installations;0;3;0;0;-3;0,00;0;3
GeoRadar GRED HD 1;IDS GeoRadar;Based on installations;0;1;0;0;-1;0,00;1;1
GeoStudio 2018;GEO-SLOPE International Ltd;Based on installations;1;5;1;1;-4;0,00;3;5
Gexagon Geospatial Producer Suite;Hexagon Geospatial;Based on installations;0;1;0;0;-1;0,00;0;1
Global Mapper 18;Blue Marble Geographics;Based on installations;0;1;0;0;-1;0,00;1;1
Global Mapper 20;Blue Marble Geographics;Based on installations;0;2;0;0;-2;0,00;1;2
Global Mapper 24;Blue Marble Geographics;Based on concurrent users;1;0;1;1;1;0,00;5;7
Global Mapper 25;Blue Marble Geographics;Based on installations;0;1;0;0;-1;0,00;0;1
Global Optimization Toolbox 2025b;The MathWorks;Based on installations;0;1;0;0;-1;0,00;0;1
GlobalProtect 6.1;Palo Alto Networks;Based on installations;0;1;0;0;-1;0,00;2;1
GlobalProtect 6.2;Palo Alto Networks;Based on installations;0;1;0;0;-1;0,00;3;1
Gold Finger 8;Paramount Defenses Inc.;Based on installations;0;1;0;0;-1;0,00;0;1
GoodSync 12;Siber Systems Inc;Based on installations;0;3;0;0;-3;0,00;1;3
GoToMeeting 10;GoTo;Based on installations;0;108;0;0;-108;0,00;4;107
GPS Pathfinder Office 5;Trimble Inc.;Based on installations;0;6;0;0;-6;0,00;0;6
GPS-X 5;Hydromantis Environmental Software Solutions, Inc;Based on installations;0;1;0;0;-1;0,00;0;1
Graphics Server 5;Ringdale UK;Based on installations;0;1;0;0;-1;0,00;37;5
Graphics Server 6;Graphics Server Technologies;Based on installations;0;5;0;0;-5;0,00;1;5
GRAPHISOFT BIMx 2019;Graphisoft;Based on installations;0;1;0;0;-1;0,00;0;1
GRAPHISOFT BIMx 2021;Graphisoft;Based on installations;0;1;0;0;-1;0,00;0;1
GRAPHISOFT BIMx 2022;Graphisoft;Based on installations;0;2;0;0;-2;0,00;2;2
GRAPHISOFT BIMx 2023;Graphisoft;Based on installations;0;3;0;0;-3;0,00;1;3
Gravity Wall 2022;Fine Ltd.;Based on installations;0;7;0;0;-7;0,00;0;10
Gravity Wall 2023;Fine Ltd.;Based on installations;0;2;0;0;-2;0,00;1;3
Ground Loss 2023;Fine Ltd.;Based on installations;0;2;0;0;-2;0,00;1;3
Gurobi Optimizer 11;Gurobi Optimization;Based on installations;0;1;0;0;-1;0,00;0;1
Hard Disk Sentinel 6;H.D.S. Hungary;Based on installations;0;27;0;0;-27;0,00;9;26
HDPsyChart 6;Hands Down Software;Based on installations;0;1;0;0;-1;0,00;0;1
HEC-HMS 4;Hydrologic Engineering Center;Based on installations;0;18;0;0;-18;0,00;9;18
HikCentral Professional 3.0;Hangzhou Hikvision Digital Technology;Based on installations;0;1;0;0;-1;0,00;0;1
Hilti PROFIS Anchor 2;Hilti Corp.;Based on installations;0;2;0;0;-2;0,00;1;2
HIPS and SIPS 11;CARIS;Based on installations;0;1;0;0;-1;0,00;0;1
HIPS and SIPS 12;CARIS;Based on installations;0;1;0;0;-1;0,00;0;1
HitPaw VikPea 5 (Mac);HitPaw Software;Based on installations;0;1;0;0;-1;0,00;0;1
HOMER Pro 3;HOMER Energy LLC;Based on installations;0;1;0;0;-1;0,00;0;1
Hot Alarm Clock 6;Comfort Software Group;Based on installations;0;1;0;0;-1;0,00;8;1
HP MyRoom 12;Hewlett-Packard;Based on installations;0;2;0;0;-2;0,00;0;2
HP Sure Click 4;Hewlett-Packard;Based on installations;0;450;0;0;-450;0,00;0;448
HP TechPulse 3;Hewlett-Packard;Based on installations;0;3;0;0;-3;0,00;0;3
Hydrolab Operating Software 1;OTT HydroMet;Based on installations;0;2;0;0;-2;0,00;1;2
Hyena 7;SystemTools Software Inc;Based on installations;0;6;0;0;-6;0,00;2;6
HyperTerminal Private Edition 7;Hilgraeve, Inc.;Based on installations;0;3;0;0;-3;0,00;1;3
ibisPaint 13.1;ibis inc;Based on installations;0;1;0;0;-1;0,00;1;1
IBM ILOG CPLEX 12.5 Optimization Studio;IBM;Based on installations;0;1;0;0;-1;0,00;0;1
IBM ILOG CPLEX 12.7 Optimization Studio;IBM;Based on installations;0;6;0;0;-6;0,00;0;6
IBM ILOG CPLEX 20.1 Optimization Studio;IBM;Based on installations;0;2;0;0;-2;0,00;0;2
IBM SPSS Modeler Client 18.2;IBM;Based on installations;0;20;0;0;-20;0,00;4;20
IBM SPSS Modeler Server 18.3;IBM;Based on installations;0;9;0;0;-9;0,00;0;9
IBM SPSS Modeler Server 18.4;IBM;Based on installations;0;14;0;0;-14;0,00;0;14
IBM SPSS Modeler Server 18.5;IBM;Based on installations;0;22;0;0;-22;0,00;16;21
IBM SPSS Statistics 25.0;IBM;Based on installations;0;1;0;0;-1;0,00;0;1
IBM SPSS Statistics 26.0;IBM;Based on installations;0;3;0;0;-3;0,00;0;3
IBM SPSS Statistics 27.0;IBM;Based on installations;0;3;0;0;-3;0,00;0;3
IBM SPSS Statistics 29.0;IBM;Based on installations;0;4;0;0;-4;0,00;3;3
IBM SPSS Statistics 30.0;IBM;Based on installations;0;2;0;0;-2;0,00;1;2
IDEA 23;CaseWare International Inc.;Based on installations;0;1;0;0;-1;0,00;0;1
IDEA StatiCa 23;IDEA StatiCa;Based on installations;0;1;0;0;-1;0,00;0;1
IDEA StatiCa Beam 23;IDEA StatiCa;Based on installations;0;1;0;0;-1;0,00;0;1
IDEA StatiCa Connection 23;IDEA StatiCa;Based on installations;0;1;0;0;-1;0,00;0;1
IDEA StatiCa Detail 23;IDEA StatiCa;Based on installations;0;1;0;0;-1;0,00;0;1
IDEA StatiCa Member 23;IDEA RS;Based on installations;0;1;0;0;-1;0,00;0;1
IdeaRCS 23;IDEA StatiCa;Based on installations;0;1;0;0;-1;0,00;0;1
IE Tab 16;Blackfish Software;Based on installations;0;7;0;0;-7;0,00;0;7
IE Tab 17;Blackfish Software;Based on installations;0;12;0;0;-12;0,00;28;12
IEDScout 5;OMICRON;Based on installations;0;2;0;0;-2;0,00;2;2
Inclinalysis 2;RST Instruments Ltd;Based on installations;0;9;0;0;-9;0,00;3;9
Intel DPC++ Compatibility Tool 2023;Intel Corporation;Based on installations;0;1;0;0;-1;0,00;0;1
Intel oneAPI HPC Toolkit High-Performance Computing 2023;Intel Corporation;Based on installations;0;1;0;0;-1;0,00;0;1
Intel oneAPI Math Kernel Library 2023;Intel Corporation;Based on installations;0;1;0;0;-1;0,00;0;1
Intel Visual Fortran Composer XE 2021;Intel Corporation;Based on installations;0;1;0;0;-1;0,00;0;1
Intel VTune Profiler 2023;Intel Corporation;Based on installations;0;1;0;0;-1;0,00;0;1
Intergraph G/Technology 9;Intergraph Corporation;Based on installations;0;53;0;0;-53;0,00;9;53
Intergraph License Administrator Tool 2014;Intergraph Corporation;Based on installations;0;1;0;0;-1;0,00;0;1
Internet Download Manager 6;Tonec, Inc.;Based on installations;0;1;0;0;-1;0,00;1;1
Intralinks Designer 5;Intralinks, Inc;Based on installations;0;1;0;0;-1;0,00;0;1
Inventoria 11;NCH Software;Based on installations;0;1;0;0;-1;0,00;1;1
IrfanView 4;Irfan Skiljan;Based on installations;0;4;0;0;-4;0,00;2;4
iTop Easy Desktop 2;iTop Inc.;Based on installations;0;1;0;0;-1;0,00;1;1
iTop Easy Desktop 3;iTop Inc.;Based on installations;0;1;0;0;-1;0,00;4;1
Itron MV-90 xi 6;Itron;Based on installations;0;2;0;0;-2;0,00;2;1
Itron MV-90 xi 7;Itron;Based on installations;0;17;0;0;-17;0,00;17;18
ITS Lite 2;BAUR GmbH;Based on installations;0;2;0;0;-2;0,00;5;2
IWS EPI Builder 6;ImageWare Systems. Inc.;Based on installations;0;2;0;0;-2;0,00;0;2
Java SE 11 (JDK) - LTS;Oracle;Based on installations;0;14;0;0;-14;0,00;5;14
Java SE 11 (JRE) - LTS;Oracle;Based on installations;0;1;0;0;-1;0,00;0;1
Java SE 16 (JDK);Oracle;Based on installations;0;2;0;0;-2;0,00;0;2
Java SE 17 (JDK) (License Required);Oracle;Based on installations;0;108;0;0;-108;0,00;0;109
Java SE 8 (JDK) Update 341;Oracle;Based on installations;0;2;0;0;-2;0,00;0;2
Java SE 8 (JDK) Update 351;Oracle;Based on installations;0;1775;0;0;-1775;0,00;6;1778
Java SE 8 (JDK) Update 51 + (JMC);Oracle;Based on installations;0;1;0;0;-1;0,00;0;1
Java SE 8 (JRE) Update 241;Oracle;Based on installations;0;3;0;0;-3;0,00;4;3
Java SE 8 (JRE) Update 281;Oracle;Based on installations;0;2;0;0;-2;0,00;1;2
Java SE 8 (JRE) Update 291;Oracle;Based on installations;0;2;0;0;-2;0,00;1;2
Java SE 8 (JRE) Update 311;Oracle;Based on installations;0;4;0;0;-4;0,00;0;4
Java SE 8 (JRE) Update 321;Oracle;Based on installations;0;40;0;0;-40;0,00;1;40
Java SE 8 (JRE) Update 333;Oracle;Based on installations;0;1;0;0;-1;0,00;0;1
Java SE 8 (JRE) Update 341;Oracle;Based on installations;0;15;0;0;-15;0,00;5;15
Java SE 8 (JRE) Update 351;Oracle;Based on installations;0;1824;0;0;-1824;0,00;44;1828
Java SE 8 (JRE) Update 361;Oracle;Based on installations;0;17;0;0;-17;0,00;5;17
Java SE 8 (JRE) Update 421;Oracle;Based on installations;0;26;0;0;-26;0,00;6;26
Java SE 8 (JRE) Update 431;Oracle;Based on installations;0;13;0;0;-13;0,00;14;14
Java SE 8 (JRE) Update 441;Oracle;Based on installations;0;37;0;0;-37;0,00;17;36
Java SE 8 (JRE) Update 451;Oracle;Based on installations;0;3;0;0;-3;0,00;4;3
Java SE 8 (JRE) Update 461;Oracle;Based on installations;0;18;0;0;-18;0,00;4;18
Java SE 8 (JRE) Update 471;Oracle;Based on installations;0;15;0;0;-15;0,00;8;15
Java SE 8 (JRE) Update 481;Oracle;Based on installations;0;14;0;0;-14;0,00;7;14
Java Service Wrapper 3 Professional;Tanuki Software Ltd.;Based on installations;0;1;0;0;-1;0,00;1;1
JAWS 2019;Freedom Scientific;Based on installations;0;2;0;0;-2;0,00;1;2
JAWS 2023;Freedom Scientific;Based on installations;0;1;0;0;-1;0,00;1;1
JAWS 2025;Freedom Scientific;Based on installations;0;4;0;0;-4;0,00;5;4
JETCET PDF 2;Westtek;Based on installations;0;1;0;0;-1;0,00;0;1
JitbitSoft Macro Recorder 5;Jitbit Software;Based on installations;0;1;0;0;-1;0,00;0;1
Keylight 1.2 v22 (Mac);The Foundry Visionmongers Ltd;Based on installations;0;2;0;0;-2;0,00;0;2
Kickstart 2;Tektronix, Inc.;Based on installations;0;2;0;0;-2;0,00;1;2
Krisp 2;Krisp Technologies, Inc.;Based on installations;0;1;0;0;-1;0,00;0;1
Labelling Software 8;Teklynx Newco SAS;Based on installations;0;2;0;0;-2;0,00;2;2
Labelling Software 9;Teklynx Newco SAS;Based on installations;0;3;0;0;-3;0,00;2;3
Laboratory 2025;Fine Ltd.;Based on installations;0;2;0;0;-2;0,00;0;2
Landis+Gyr .MAP110 v5.4;Landis+Gyr;Based on installations;0;1;0;0;-1;0,00;1;1
Landis+Gyr .MAP110 v5.5;Landis+Gyr;Based on installations;0;7;0;0;-7;0,00;2;7
Landis+Gyr .MAP110 v6.0;Landis+Gyr;Based on installations;0;4;0;0;-4;0,00;3;4
Landis+Gyr .MAP110 v6.1;Landis+Gyr;Based on installations;0;1;0;0;-1;0,00;1;1
Landis+Gyr .MAP120 v4.1;Landis+Gyr;Based on installations;0;1;0;0;-1;0,00;2;1
Landis+Gyr MAP120 v7.0;Landis+Gyr;Based on installations;0;5;0;0;-5;0,00;4;5
Larson Davis SLM Utility-G3 2;Larson Davis;Based on installations;0;1;0;0;-1;0,00;0;1
Laserfiche Scanning 11;Laserfiche;Based on installations;0;1;0;0;-1;0,00;2;1
Laserfiche Text Provider 11;Laserfiche;Based on installations;0;4;0;0;-4;0,00;0;4
Laserfiche Twain 11;Laserfiche;Based on installations;0;1;0;0;-1;0,00;2;1
LATS-HVAC 1;LG Electronics;Based on installations;0;1;0;0;-1;0,00;0;1
Leapfrog Geo 2023;Seequent Limited;Based on installations;0;6;0;0;-6;0,00;2;6
Leapfrog Geo 2024;Seequent Limited;Based on installations;0;6;0;0;-6;0,00;6;7
Leica Cyclone REGISTER 360 2024;Leica Geosystems AG;Based on installations;0;3;0;0;-3;0,00;0;3
Leica Geosystems CLM Package 2;Leica Geosystems AG;Based on installations;0;1;0;0;-1;0,00;0;1
Leica Infinity 4;Leica Geosystems AG;Based on installations;0;3;0;0;-3;0,00;4;3
License Manager 10;Trimble Inc.;Based on installations;0;1;0;0;-1;0,00;0;1
License Manager 9;Trimble Inc.;Based on installations;0;3;0;0;-3;0,00;0;3
LinkWare 10;Fluke Networks;Based on installations;0;1;0;0;-1;0,00;1;1
LLVM/SPIR-V translator 2023;Intel Corporation;Based on installations;0;1;0;0;-1;0,00;0;1
LockDown Browser 2;Respondus, Inc;Based on installations;0;1;0;0;-1;0,00;1;1
LoggerNet 4.1;Campbell Scientific, Inc.;Based on installations;0;3;3;3;0;0,00;3;3
LoggerNet 4.4;Campbell Scientific, Inc.;Based on installations;10;4;10;10;6;0,00;2;4
LoggerNet 4.7;Campbell Scientific, Inc.;Based on installations;20;12;17;17;5;0,00;11;12
Logic 2;Saleae, Inc;Based on installations;0;4;0;0;-4;0,00;0;4
LsAgent 12.2;Lansweeper;Based on installations;0;7;0;0;-7;0,00;1;8
Lumion 12;Act-3D B.V;Based on installations;0;2;0;0;-2;0,00;1;2
Lumion 2024;Act-3D B.V;Based on installations;0;4;0;0;-4;0,00;2;4
Lumion 2025;Act-3D B.V;Based on installations;0;6;0;0;-6;0,00;7;6
Lumion 8;Act-3D B.V;Based on installations;0;1;0;0;-1;0,00;0;1
MagIC Net 3;Metrohm;Based on installations;0;2;0;0;-2;0,00;0;2
MAGNET Field 8;Topcon Positioning Systems, Inc.;Based on installations;0;1;0;0;-1;0,00;1;1
MAGNET Office Tools 10;Topcon Positioning Systems, Inc.;Based on installations;0;12;0;0;-12;0,00;3;12
MAGNET Office Tools 9;Topcon Positioning Systems, Inc.;Based on installations;0;3;0;0;-3;0,00;0;3
Masonry Wall 2022;Fine Ltd.;Based on installations;0;7;0;0;-7;0,00;0;10
Masonry Wall 2023;Fine Ltd.;Based on installations;0;2;0;0;-2;0,00;0;3
Masonry Wall 2025;Fine Ltd.;Based on installations;0;3;0;0;-3;0,00;0;3
MasterLinkWindows 11;Honeywell International;Based on installations;0;1;0;0;-1;0,00;1;1
MasterLinkWindows 15;Honeywell International;Based on installations;0;1;0;0;-1;0,00;2;1
MasterLinkWindows 16;Honeywell International;Based on installations;0;1;0;0;-1;0,00;1;1
MATLAB 2025b;The MathWorks;Based on installations;0;1;0;0;-1;0,00;1;1
McAfee Agent 5.0;McAfee LLC;Based on installations;0;2;0;0;-2;0,00;0;2
McAfee Client Proxy 4;McAfee LLC;Based on installations;0;2;0;0;-2;0,00;0;2
McAfee Endpoint Security 8.8;McAfee LLC;Based on installations;0;2;0;0;-2;0,00;0;2
McAfee Safe Connect 2;McAfee LLC;Based on installations;0;9;0;0;-9;0,00;2;9
McAfee VirusScan Enterprise 8.8;McAfee LLC;Based on installations;0;2;0;0;-2;0,00;0;2
MDSolids 4;MDSolids Software;Based on installations;0;1;0;0;-1;0,00;0;1
MEGA HOPEX 2;MEGA International;Based on installations;0;5;0;0;-5;0,00;0;5
Mendeley Desktop 1;Mendeley Ltd;Based on installations;0;4;0;0;-4;0,00;1;4
Meta Quest Developer Hub 5;Oculus;Based on installations;0;4;0;0;-4;0,00;3;4
Meta Quest Remote Desktop 3;Meta;Based on installations;0;1;0;0;-1;0,00;0;1
MetaEditor 5;MetaQuotes Software Corp.;Based on installations;0;4;0;0;-4;0,00;0;4
MetaTrader Client Terminal 4;MetaQuotes Software Corp.;Based on installations;0;2;0;0;-2;0,00;0;2
MetaTrader Client Terminal 5;MetaQuotes Software Corp.;Based on installations;0;6;0;0;-6;0,00;1;6
Micropile 2022;Fine Ltd.;Based on installations;0;7;0;0;-7;0,00;0;10
Micropile 2023;Fine Ltd.;Based on installations;0;2;0;0;-2;0,00;0;3
Microsoft Access 2021;Microsoft Corporation;Based on installations;0;2;0;0;-2;0,00;0;2
Microsoft BizTalk Server 2016 Enterprise;Microsoft Corporation;Based on total processor cores;0;62;0;0;-62;0,00;0;7
Microsoft BizTalk Server 2020 Enterprise;Microsoft Corporation;Based on total processor cores;0;10;0;0;-10;0,00;0;1
Microsoft Configuration Manager 2303 Client ML (Branch Release);Microsoft Corporation;Based on installations;0;5;0;0;-5;0,00;0;5
Microsoft Configuration Manager 2309 Client ML (Branch Release);Microsoft Corporation;Based on installations;0;27;0;0;-27;0,00;0;26
Microsoft Connector for Oracle (Attunity) 3;Attunity Ltd.;Based on installations;0;1;0;0;-1;0,00;0;1
Microsoft Connector for Teradata (Attunity) 3;Attunity Ltd.;Based on installations;0;1;0;0;-1;0,00;0;1
Microsoft Defender for Endpoint Advanced Threat Protection;Microsoft Corporation;Based on installations;0;7933;0;0;-7933;0,00;0;7930
Microsoft Endpoint Configuration Manager 2203 Client ML (Branch Release);Microsoft Corporation;Based on installations;0;7;0;0;-7;0,00;0;7
Microsoft Host Integration Server 2020;Microsoft Corporation;Based on installations;0;1;0;0;-1;0,00;0;1
Microsoft Lync 2013;Microsoft Corporation;Based on installations;0;1;0;0;-1;0,00;0;1
Microsoft Monitoring Agent 2019;Microsoft Corporation;Based on total processors;0;118;0;0;-118;0,00;0;56
Microsoft Office 2007 Project Professional;Microsoft Corporation;Based on installations;0;1;0;0;-1;0,00;0;1
Microsoft Office 2010 Access;Microsoft Corporation;Based on installations;0;1;0;0;-1;0,00;0;2
Microsoft Office 2010 Professional Plus;Microsoft Corporation;Based on installations;0;1;0;0;-1;0,00;1;1
Microsoft Office 2010 Project Standard;Microsoft Corporation;Based on installations;0;4;0;0;-4;0,00;2;4
Microsoft Office 2013 InfoPath;Microsoft Corporation;Based on installations;0;9;0;0;-9;0,00;3;9
Microsoft Office 2013 Language Pack - Spanish;Microsoft Corporation;Based on installations;0;1;0;0;-1;0,00;0;1
Microsoft Office 2013 Project Standard;Microsoft Corporation;Based on installations;0;9;0;0;-9;0,00;6;9
Microsoft Office 2013 Standard;Microsoft Corporation;Based on installations;0;45;0;0;-45;0,00;71;46
Microsoft Office 2016 Access;Microsoft Corporation;Based on installations;0;2;0;0;-2;0,00;30;189
Microsoft Office 2016 Excel;Microsoft Corporation;Based on installations;0;9;0;0;-9;0,00;7281;319
Microsoft Office 2016 Home and Business;Microsoft Corporation;Based on installations;0;3;0;0;-3;0,00;3;3
Microsoft Office 2016 OneNote;Microsoft Corporation;Based on installations;0;8;0;0;-8;0,00;2;28
Microsoft Office 2016 Outlook;Microsoft Corporation;Based on installations;0;9;0;0;-9;0,00;6126;312
Microsoft Office 2016 PowerPoint;Microsoft Corporation;Based on installations;0;9;0;0;-9;0,00;4867;319
Microsoft Office 2016 Professional Plus;Microsoft Corporation;Based on installations;0;193;0;0;-193;0,00;220;193
Microsoft Office 2016 Project;Microsoft Corporation;Based on installations;0;2;0;0;-2;0,00;172;2
Microsoft Office 2016 Project Standard;Microsoft Corporation;Based on installations;0;13;0;0;-13;0,00;10;13
Microsoft Office 2016 Publisher;Microsoft Corporation;Based on installations;0;9;0;0;-9;0,00;22;304
Microsoft Office 2016 Standard;Microsoft Corporation;Based on installations;0;109;0;0;-109;0,00;137;110
Microsoft Office 2016 Word;Microsoft Corporation;Based on installations;0;9;0;0;-9;0,00;6979;319
Microsoft Office 2019 Home and Business;Microsoft Corporation;Based on installations;0;1;0;0;-1;0,00;1;1
Microsoft Office 2021 Professional Plus;Microsoft Corporation;Based on installations;0;2;0;0;-2;0,00;3;2
Microsoft Office 97 Access;Microsoft Corporation;Based on installations;0;3;0;0;-3;0,00;0;3
Microsoft OneDrive for Business 2016;Microsoft Corporation;Based on installations;0;1;0;0;-1;0,00;27;338
Microsoft SQL Server 2008;Microsoft Corporation;Based on installations;0;1;0;0;-1;0,00;0;1
Microsoft SQL Server 2008 Database Engine Services;Microsoft Corporation;Based on installations;0;2;0;0;-2;0,00;0;3
Microsoft SQL Server 2008 R2 Database Engine Services;Microsoft Corporation;Based on installations;0;2;0;0;-2;0,00;0;2
Microsoft SQL Server 2012 DM Add-Ins;Microsoft Corporation;Based on installations;0;1;0;0;-1;0,00;0;1
Microsoft SQL Server 2014 Analysis Services;Microsoft Corporation;Based on installations;0;3;0;0;-3;0,00;0;3
Microsoft SQL Server 2014 Database Engine Services;Microsoft Corporation;Based on installations;0;4;0;0;-4;0,00;0;4
Microsoft SQL Server 2014 Integration Services;Microsoft Corporation;Based on installations;0;2;0;0;-2;0,00;0;16
Microsoft SQL Server 2014 Reporting Services;Microsoft Corporation;Based on installations;0;3;0;0;-3;0,00;0;3
Microsoft SQL Server 2016 Database Engine Services;Microsoft Corporation;Based on installations;0;1;0;0;-1;0,00;0;1
Microsoft SQL Server 2017;Microsoft Corporation;Based on installations;0;1;0;0;-1;0,00;0;1
Microsoft SQL Server 2019;Microsoft Corporation;Based on installations;0;7;0;0;-7;0,00;0;7
Microsoft SQL Server 2019 Database Engine Services;Microsoft Corporation;Based on installations;0;4;0;0;-4;0,00;0;18
Microsoft SQL Server 2022;Microsoft Corporation;Based on installations;0;6;0;0;-6;0,00;0;6
Microsoft SQL Server 2022 Database Engine Services;Microsoft Corporation;Based on installations;0;11;0;0;-11;0,00;0;22
Microsoft SQL Server 2022 Integration Services;Microsoft Corporation;Based on installations;0;1;0;0;-1;0,00;0;3
Microsoft SQL Server 2025;Microsoft Corporation;Based on installations;0;3;0;0;-3;0,00;0;3
Microsoft SQL Server 2025 Database Engine Services;Microsoft Corporation;Based on installations;0;1;0;0;-1;0,00;0;4
Microsoft System Center Endpoint Protection 2012;Microsoft Corporation;Based on installations;0;16;0;0;-16;0,00;0;16
Microsoft Visio 2010 Premium;Microsoft Corporation;Based on installations;0;1;0;0;-1;0,00;0;1
Microsoft Visio 2010 Professional;Microsoft Corporation;Based on installations;1;0;1;1;1;0,00;0;0
Microsoft Visio 2013 Professional;Microsoft Corporation;Based on installations;13;1;13;13;12;0,00;1;1
Microsoft Visio 2013 Standard;Microsoft Corporation;Based on installations;4;0;4;4;4;0,00;0;0
Microsoft Visio 2016 Professional;Microsoft Corporation;Based on installations;11;20;11;11;-9;0,00;9;20
Microsoft Visio 2019 Professional;Microsoft Corporation;Based on installations;0;5;0;0;-5;0,00;1;5
Microsoft Visual Basic 6;Microsoft Corporation;Based on installations;0;2;0;0;-2;0,00;2;3
Microsoft Visual Basic 6 Professional Edition;Microsoft Corporation;Based on installations;0;2;0;0;-2;0,00;1;2
Microsoft Visual SourceSafe 6.0;Microsoft Corporation;Based on installations;0;1;0;0;-1;0,00;0;1
Microsoft Visual Studio 6;Microsoft Corporation;Based on installations;0;1;0;0;-1;0,00;0;1
MIDAS AMG 1;Midas IT Co.;Based on installations;0;11;0;0;-11;0,00;0;11
midas Design+ 4;Midas IT Co.;Based on installations;0;9;0;0;-9;0,00;2;9
midas Design+ 5;Midas IT Co.;Based on installations;0;2;0;0;-2;0,00;2;2
midas Gen 9;Midas IT Co.;Based on installations;0;11;0;0;-11;0,00;3;11
midas GTS 1;Midas IT Co.;Based on installations;0;7;0;0;-7;0,00;2;7
Mindjet MindManager 8;Mindjet;Based on installations;0;1;0;0;-1;0,00;1;1
Mindjet MindManager X5 Pro;Mindjet;Based on installations;0;2;0;0;-2;0,00;1;2
Miniconda 3;Continuum Analytics, Inc;Based on installations;0;2;0;0;-2;0,00;0;2
MiniTab 17;Minitab, LLC.;Based on installations;0;82;0;0;-82;0,00;59;81
Miro 0.8;Miro;Based on installations;0;2;0;0;-2;0,00;2;2
Miro 1.0;Miro;Based on installations;0;6;0;0;-6;0,00;0;6
MobiControl 14;SOTI;Based on installations;0;1;0;0;-1;0,00;0;1
MobiControl 15;SOTI;Based on installations;0;21;0;0;-21;0,00;8;21
MobiDrive 4;MobiSystems;Based on installations;0;1;0;0;-1;0,00;1;1
Mobile Device Manager Plus;Zoho Corporation Pvt. Ltd.;Based on installations;0;1;0;0;-1;0,00;1;1
Mobioffice 11;MobiSystems;Based on installations;0;1;0;0;-1;0,00;0;1
Modbus Poll 12;Witte Software;Based on installations;0;1;0;0;-1;0,00;0;1
Modbus Slave 4;Witte Software;Based on installations;0;1;0;0;-1;0,00;0;1
Model Predictive Control Toolbox 2025b;The MathWorks;Based on installations;0;1;0;0;-1;0,00;0;1
MonitorIQ Desktop 23;GroundProbe;Based on installations;0;1;0;0;-1;0,00;0;1
MonitorIQ Desktop 24;GroundProbe;Based on installations;0;1;0;0;-1;0,00;0;1
Motor Control Blockset 2025b;The MathWorks;Based on installations;0;1;0;0;-1;0,00;0;1
Movavi Screen Recorder 23;MOVAVI;Based on installations;0;2;0;0;-2;0,00;0;2
Movavi Screen Recorder 24;MOVAVI;Based on installations;0;2;0;0;-2;0,00;2;2
Movavi Video Editor 24;MOVAVI;Based on installations;0;1;0;0;-1;0,00;0;1
MSE Wall 2022;Fine Ltd.;Based on installations;0;7;0;0;-7;0,00;0;10
MSE Wall 2023;Fine Ltd.;Based on installations;0;2;0;0;-2;0,00;0;3
MVLTxi 1;Itron;Based on installations;0;1;0;0;-1;0,00;2;1
Nailed Slopes 2022;Fine Ltd.;Based on installations;0;7;0;0;-7;0,00;1;10
Nailed Slopes 2023;Fine Ltd.;Based on installations;0;2;0;0;-2;0,00;0;3
NDI Tools 5;NewTek;Based on installations;0;1;0;0;-1;0,00;0;1
Neo4j Desktop 1;Neo4j, Inc.;Based on installations;0;1;0;0;-1;0,00;0;1
Netskope Client 125;Netskope;Based on installations;0;1;0;0;-1;0,00;1;1
NeuralTools 8.0;Lumivero;Based on installations;0;1;0;0;-1;0,00;0;1
NGWIN PicPick 7;NGWIN;Based on installations;0;1;0;0;-1;0,00;1;1
NI Automated Test Software Suite;National Instruments Corporation;Based on installations;0;1;0;0;-1;0,00;0;1
NI Device Monitor 17;Mouser Electronics;Based on installations;0;2;0;0;-2;0,00;3;2
NI License Manager 2;National Instruments Corporation;Based on installations;0;1;0;0;-1;0,00;0;1
NI License Manager 3;National Instruments Corporation;Based on installations;0;2;0;0;-2;0,00;0;2
NI License Manager 4;National Instruments Corporation;Based on installations;0;2;0;0;-2;0,00;0;2
Nitro PDF 14 Professional;Nitro Software, Inc.;Based on installations;0;2;0;0;-2;0,00;2;2
Nitro PDF 9 Professional;Nitro Software, Inc.;Based on installations;0;1;0;0;-1;0,00;1;1
NI-VISA 18;National Instruments Corporation;Based on installations;0;1;0;0;-1;0,00;0;1
Nori 8;Telefónica;Based on installations;0;1;0;0;-1;0,00;1;1
NoSQLBooster for MongoDB 10;NoSQLBooster;Based on installations;0;2;0;0;-2;0,00;2;2
NoSQLBooster for MongoDB 8;NoSQLBooster;Based on installations;0;2;0;0;-2;0,00;2;2
NoSQLBooster for MongoDB 9;NoSQLBooster;Based on installations;0;2;0;0;-2;0,00;3;2
Notifier VeriFire Tools 10;Honeywell International;Based on installations;0;1;0;0;-1;0,00;1;1
NotionLabs Notion 2;Notion Labs;Based on installations;0;1;0;0;-1;0,00;0;1
NotionLabs Notion 3;Notion Labs;Based on installations;0;1;0;0;-1;0,00;0;1
NotionLabs Notion 4;Notion Labs;Based on installations;0;6;0;0;-6;0,00;11;6
novaPDF 11;Softland;Based on installations;0;6;0;0;-6;0,00;0;6
novaPDF 9;Softland;Based on installations;0;32;0;0;-32;0,00;0;33
Npcap 1.76 OEM;Nmap;Based on installations;0;3;0;0;-3;0,00;0;3
Npcap 1.80 OEM;Nmap;Based on installations;0;1;0;0;-1;0,00;0;1
NTLite 2024;Nlitesoft d.o.o.;Based on installations;0;1;0;0;-1;0,00;0;1
ODBC Driver for Teradata 20;Teradata Corporation;Based on installations;0;9;0;0;-9;0,00;0;9
OMICRON Primary Test Manager 4;OMICRON;Based on installations;25;4;25;25;21;0,00;2;4
OMICRON Primary Test Manager 5;OMICRON;Based on installations;25;15;25;25;10;0,00;9;15
OnGuard 8.2;Lenel Systems International;Based on installations;0;20;0;0;-20;0,00;0;20
OnGuard Area Access Manager 2024;Lenel Systems International;Based on installations;0;1;0;0;-1;0,00;0;1
OPC HDA Server 2;Advosol Inc.;Based on installations;0;1;0;0;-1;0,00;0;1
OpenEdge 10.2B;Progress Software Corporation;Based on installations;0;8;0;0;-8;0,00;0;8
Optimization Toolbox 2025b;The MathWorks;Based on installations;0;1;0;0;-1;0,00;0;1
Oracle Business Intelligence Publisher 12;Oracle;Based on installations;0;2;0;0;-2;0,00;0;2
Oracle Crystal Ball 11;Oracle;Based on installations;0;3;0;0;-3;0,00;0;3
Oracle Designer 6;Oracle;Based on installations;0;1;0;0;-1;0,00;0;1
Oracle Forms 6;Oracle;Based on installations;0;1;0;0;-1;0,00;0;1
Oracle Hyperion Smart View 11 for Office Fusion;Oracle;Based on installations;0;2;0;0;-2;0,00;0;2
Oracle Hyperion Strategic Finance 11;Oracle;Based on installations;0;31;0;0;-31;0,00;29;31
Oracle Java Mission Control;Oracle;Based on installations;0;2;0;0;-2;0,00;0;3
PAC Machine Edition 10;Emerson Electric Co;Based on installations;0;1;0;0;-1;0,00;0;1
PAC Machine Edition 9;Emerson Electric Co;Based on installations;0;1;0;0;-1;0,00;0;1
Paperport 12;Nuance Communications, Inc.;Based on installations;0;1;0;0;-1;0,00;1;1
Parallel Computing Toolbox 2025b;The MathWorks;Based on installations;0;1;0;0;-1;0,00;0;1
Partial Differential Equation Toolbox 2025b;The MathWorks;Based on installations;0;1;0;0;-1;0,00;0;1
PC400 4;Campbell Scientific, Inc.;Based on installations;0;6;0;0;-6;0,00;6;7
PDF Signer (Secure Soft) 10;Secure Soft;Based on installations;0;1;0;0;-1;0,00;0;1
PDF Viewer Component 5;EDrawSoft;Based on installations;0;1;0;0;-1;0,00;0;1
PDFCreator 6 Professional;pdfforge GmbH;Based on installations;0;3;0;0;-3;0,00;2;3
PDFsam 7 Enhanced Edit;Sober Lemur S.a.s;Based on installations;0;8;0;0;-8;0,00;0;8
PDFsam 7 Enhanced View;Sober Lemur S.a.s;Based on installations;0;8;0;0;-8;0,00;0;8
PDF-XChange (part of Mindmanager 8) 3 Standard;Tracker Software Products;Based on installations;0;2;0;0;-2;0,00;0;3
PDF-XChange 10 Editor;Tracker Software Products;Based on installations;0;4;0;0;-4;0,00;4;4
PDF-XChange 2;Tracker Software Products;Based on installations;0;2;0;0;-2;0,00;3;2
PE Explorer 1;Heaventools Software;Based on installations;0;1;0;0;-1;0,00;0;1
Phase2 v9;Rocscience Inc.;Based on installations;0;4;0;0;-4;0,00;1;4
Phast 3;U.S. Geological Survey;Based on installations;0;1;0;0;-1;0,00;0;1
PhotoView 3;OxyTech;Based on installations;0;12;0;0;-12;0,00;2;12
PILAR 2025.1 BCM;A.L.H. J. Mañas S.L.;Based on installations;0;1;0;0;-1;0,00;0;1
Pile 2022;Fine Ltd.;Based on installations;0;7;0;0;-7;0,00;4;10
Pile 2023;Fine Ltd.;Based on installations;0;2;0;0;-2;0,00;1;3
Pile CPT 2022;Fine Ltd.;Based on installations;0;7;0;0;-7;0,00;1;10
Pile CPT 2023;Fine Ltd.;Based on installations;0;2;0;0;-2;0,00;0;3
Pile CPT 2025;Fine Ltd.;Based on installations;0;3;0;0;-3;0,00;0;3
Pile Group 2022;Fine Ltd.;Based on installations;0;7;0;0;-7;0,00;1;10
Pile Group 2023;Fine Ltd.;Based on installations;0;2;0;0;-2;0,00;0;3
Pile Group 2025;Fine Ltd.;Based on installations;0;3;0;0;-3;0,00;0;3
Pitch pRTI 2;Pitch Software GmbH;Based on installations;0;1;0;0;-1;0,00;0;1
Pix4Dmapper 4;Pix4D;Based on installations;0;21;0;0;-21;0,00;8;20
Pixillion 11 Plus;NCH Software;Based on installations;0;1;0;0;-1;0,00;0;1
PLAXIS 2D 2022 CONNECT Edition;Bentley Systems, Incorporated;Based on installations;0;1;0;0;-1;0,00;0;1
PLAXIS 2D 2024 CONNECT Edition;Bentley Systems, Incorporated;Based on installations;0;1;0;0;-1;0,00;0;1
PLS-CADD 15;Power Line Systems Inc.;Based on installations;20;1;20;20;19;0,00;1;1
PLS-CADD 16;Power Line Systems Inc.;Based on installations;7;2;7;7;5;0,00;1;2
PLS-CADD 17;Power Line Systems Inc.;Based on installations;40;0;40;40;40;0,00;0;0
PLS-CADD 18;Power Line Systems Inc.;Based on installations;20;0;20;20;20;0,00;0;0
PLS-CADD 20;Power Line Systems Inc.;Based on installations;19;0;19;19;19;0,00;0;0
PLS-CADD 21;Power Line Systems Inc.;Based on installations;0;2;0;0;-2;0,00;2;2
PLS-POLE 15;Power Line Systems Inc.;Based on installations;0;1;0;0;-1;0,00;0;1
PLS-POLE 16;Power Line Systems Inc.;Based on installations;0;2;0;0;-2;0,00;1;2
PLS-POLE 17;Power Line Systems Inc.;Based on installations;0;1;0;0;-1;0,00;0;1
PLS-POLE 18;Power Line Systems Inc.;Based on installations;0;1;0;0;-1;0,00;1;1
PLS-POLE 20;Power Line Systems Inc.;Based on installations;0;2;0;0;-2;0,00;2;2
POLYCOM BToE CONNECTOR 4;Polycom;Based on installations;0;4;0;0;-4;0,00;37;4
PolyWorks 18;InnovMetric Software;Based on installations;0;1;0;0;-1;0,00;1;1
PolyWorks Metrology Suite 2018;InnovMetric Software;Based on installations;0;1;0;0;-1;0,00;0;1
PolyWorks Modeler 2018;InnovMetric Software;Based on installations;0;1;0;0;-1;0,00;0;1
Postman Canary 10;Postman, Inc;Based on installations;0;3;0;0;-3;0,00;0;3
Postman Canary 11;Postman, Inc;Based on installations;0;1;0;0;-1;0,00;2;1
Postman Canary 7;Postman, Inc;Based on installations;0;2;0;0;-2;0,00;0;2
Power Monitoring Expert 11;Schneider Electric;Based on installations;0;3;0;0;-3;0,00;0;3
Power Monitoring Expert 8;Schneider Electric;Based on installations;0;1;0;0;-1;0,00;0;1
Power Quality Software 1;NOJA Power Switchgear Pty Ltd;Based on installations;0;4;0;0;-4;0,00;1;4
PowerDB Training 11;Power DB Inc.;Based on installations;0;11;0;0;-11;0,00;5;11
PowerMockup 4;Wulfsoft;Based on installations;0;1;0;0;-1;0,00;0;1
PrecisionTree 8;Lumivero;Based on installations;0;1;0;0;-1;0,00;0;1
Predictive Maintenance Toolbox 2025b;The MathWorks;Based on installations;0;1;0;0;-1;0,00;0;1
Prefab Wall 2022;Fine Ltd.;Based on installations;0;7;0;0;-7;0,00;0;10
Prefab Wall 2023;Fine Ltd.;Based on installations;0;2;0;0;-2;0,00;0;3
Presto 2025;RIB Software AG;Based on installations;0;2;0;0;-2;0,00;0;2
Presto 2025 Server;Soft SA;Based on installations;0;2;0;0;-2;0,00;0;2
ProfiCAD 12;www.proficad.com;Based on installations;0;1;0;0;-1;0,00;0;1
Proficy Alarm Viewer 2;GE Intelligent Platforms Inc;Based on installations;0;1;0;0;-1;0,00;0;1
Proficy Change management client API 6;GE Intelligent Platforms Inc;Based on installations;0;1;0;0;-1;0,00;0;1
Proficy Change management client API 9;GE Intelligent Platforms Inc;Based on installations;0;1;0;0;-1;0,00;0;1
Proficy Common License;GE Intelligent Platforms Inc;Based on installations;0;2;0;0;-2;0,00;0;2
proficy driver server 3;GE Intelligent Platforms Inc;Based on installations;0;1;0;0;-1;0,00;0;1
proficy global discovery agent 2;GE Intelligent Platforms Inc;Based on installations;0;1;0;0;-1;0,00;0;1
Proficy Historian 12;GE Intelligent Platforms Inc;Based on installations;0;1;0;0;-1;0,00;0;1
Proficy Local License Server Administrator Tool;GE Intelligent Platforms Inc;Based on installations;0;1;0;0;-1;0,00;0;1
Proficy Machine Edition 9;GE Fanuc Automation;Based on installations;0;1;0;0;-1;0,00;0;1
Profile Manager 9;Softland;Based on installations;0;32;0;0;-32;0,00;2;33
Proteus 8 Professional;Labcenter Electronics Ltd.;Based on installations;0;1;0;0;-1;0,00;0;1
Psiphon 3;LRepacks;Based on installations;0;5;0;0;-5;0,00;0;5
PVsyst 8;PVsyst SA;Based on installations;0;1;0;0;-1;0,00;1;1
pyrevit 5;pyRevitLabs;Based on installations;0;2;0;0;-2;0,00;1;2
QGroundControl 4;QGroundControl;Based on installations;0;1;0;0;-1;0,00;0;1
Qimera 2;Quality Positioning Services B.V.;Based on installations;0;1;0;0;-1;0,00;1;1
Qlik NPrinting 21 Designer;QlikTech AB;Based on installations;0;1;0;0;-1;0,00;0;1
QlikView 11;QlikTech AB;Based on installations;0;223;0;0;-223;0,00;38;221
QlikView 12;QlikTech AB;Based on installations;0;36;0;0;-36;0,00;5;36
QlikView 12 Plugin;QlikTech AB;Based on installations;0;1;0;0;-1;0,00;0;1
Qt Assistant 5;Digia Plc;Based on installations;0;436;0;0;-436;0,00;0;437
Qt Assistant 6;Digia Plc;Based on installations;0;129;0;0;-129;0,00;0;126
Qt Designer 5;Digia Plc;Based on installations;0;2;0;0;-2;0,00;0;2
QtWebEngineProcess 6;The Qt Company;Based on installations;0;1;0;0;-1;0,00;0;1
Quest ScriptRunner 13;Quest Software;Based on installations;0;74;0;0;-74;0,00;1;72
Quest SQL Optimizer for Oracle 9;Quest Software;Based on installations;0;3;0;0;-3;0,00;0;34
Radlog For Windows 4;Radcom Technologies Ltd;Based on installations;0;1;0;0;-1;0,00;0;1
Radwin 4;Halma Water Management;Based on installations;0;15;0;0;-15;0,00;0;15
Radwin 4 Lite;Halma Water Management;Based on installations;0;5;0;0;-5;0,00;2;5
RADWIN Manager 10;RADWIN;Based on installations;0;2;0;0;-2;0,00;1;3
ReadWin 2000 v1;Endress+Hauser Management AG;Based on installations;0;1;0;0;-1;0,00;0;1
RealVNC 5 Server;RealVNC Limited;Based on installations;0;1;0;0;-1;0,00;1;1
Redi Rock Wall 2022;Fine Ltd.;Based on installations;0;7;0;0;-7;0,00;0;10
Redi Rock Wall 2023;Fine Ltd.;Based on installations;0;2;0;0;-2;0,00;0;3
Redi Rock Wall 2025;Fine Ltd.;Based on installations;0;3;0;0;-3;0,00;0;3
Reliability Workbench 15;Isograph Ltd.;Based on installations;0;16;0;0;-16;0,00;7;17
ReluxEnergyCH 2024;Relux Informatik AG;Based on installations;0;1;0;0;-1;0,00;0;1
RETScreen 7 Expert;Natural Resources Canada;Based on installations;0;1;0;0;-1;0,00;0;1
RETScreen 9 Expert;Natural Resources Canada;Based on installations;0;2;0;0;-2;0,00;1;2
Revit Importer 2026;Trimble Inc.;Based on installations;0;6;0;0;-6;0,00;1;6
Revo Uninstaller 5 Pro;VS Revo Group;Based on installations;0;1;0;0;-1;0,00;1;1
RF Toolbox 2025b;The MathWorks;Based on installations;0;1;0;0;-1;0,00;0;1
RISKOptimizer 8;Lumivero;Based on installations;0;1;0;0;-1;0,00;0;1
RLM 14.0;Reprise Software, Inc.;Based on installations;0;1;0;0;-1;0,00;0;1
RLM 14.2;Reprise Software, Inc.;Based on installations;0;5;0;0;-5;0,00;0;5
RLM 15.1;Reprise Software, Inc.;Based on installations;0;1;0;0;-1;0,00;0;1
RLM 17.0;Reprise Software, Inc.;Based on installations;0;2;0;0;-2;0,00;0;2
Robust Control Toolbox 2025b;The MathWorks;Based on installations;0;1;0;0;-1;0,00;0;1
RocFall 4;Rocscience Inc.;Based on installations;0;1;0;0;-1;0,00;0;1
Rock Stability 2022;Fine Ltd.;Based on installations;0;7;0;0;-7;0,00;0;10
Rock Stability 2023;Fine Ltd.;Based on installations;0;2;0;0;-2;0,00;1;3
Rock Stability 2025;Fine Ltd.;Based on installations;0;3;0;0;-3;0,00;0;3
ROCLINK 800 v2;Emerson Electric Co;Based on installations;0;3;0;0;-3;0,00;1;3
RocPlane 4;Rocscience Inc.;Based on installations;0;9;0;0;-9;0,00;0;9
Rocscience Dips 6;Rocscience Inc.;Based on installations;0;4;0;0;-4;0,00;2;4
Rocscience Dips 8;Rocscience Inc.;Based on installations;0;10;0;0;-10;0,00;7;10
RocSlope2 v1;Rocscience Inc.;Based on installations;0;1;0;0;-1;0,00;1;1
RocSupport 5;Rocscience Inc.;Based on installations;0;5;0;0;-5;0,00;1;5
RocTopple 2;Rocscience Inc.;Based on installations;0;1;0;0;-1;0,00;0;1
RS2 11;Rocscience Inc.;Based on installations;0;9;0;0;-9;0,00;6;9
RSA SecureID Software Token 5;RSA Security;Based on installations;0;1;0;0;-1;0,00;1;1
RSData 1;Rocscience Inc.;Based on installations;0;8;0;0;-8;0,00;0;8
RTMC Pro 4;Campbell Scientific, Inc.;Based on installations;0;2;0;0;-2;0,00;1;2
S&P Global EViews 13;S&P Global;Based on installations;0;5;0;0;-5;0,00;4;5
SafeNet Authentication Client 10;Thales Group;Based on installations;0;4411;0;0;-4411;0,00;6153;4407
SafeNet Authentication Client 8;Thales Group;Based on installations;0;807;0;0;-807;0,00;1530;803
Safenet Authentication Service 3;SafeNet, Inc.;Based on installations;0;141;0;0;-141;0,00;0;142
Safenet Authentication Service 4;SafeNet, Inc.;Based on installations;0;7199;0;0;-7199;0,00;0;7195
SampleManager 12;Thermo Fisher Scientific Inc;Based on installations;0;15;0;0;-15;0,00;14;15
SampleManager 21;Thermo Fisher Scientific Inc;Based on installations;0;106;0;0;-106;0,00;76;106
SAP BEx Web Application Designer 8;SAP AG;Based on installations;0;1;0;0;-1;0,00;0;1
SAP BusinessObjects Analysis 2 for Microsoft Office;SAP AG;Based on installations;0;62;0;0;-62;0,00;14;62
SAP Console 7.3;SAP AG;Based on installations;0;1;0;0;-1;0,00;0;1
SAP Data Services 14;SAP AG;Based on installations;0;1;0;0;-1;0,00;0;1
SAP Data Services Designer Client 14;SAP AG;Based on installations;0;2;0;0;-2;0,00;2;2
SAP Disclosure Management 10;SAP AG;Based on installations;0;5;0;0;-5;0,00;0;5
SAP HANA Studio 2;SAP AG;Based on installations;0;46;0;0;-46;0,00;27;46
SAP MMC Snap-In 7;SAP AG;Based on installations;0;1;0;0;-1;0,00;0;1
SAP2000 v14;Computers and Structures Inc.;Based on installations;0;2;0;0;-2;0,00;0;2
SAP2000 v17;Computers and Structures Inc.;Based on installations;0;2;0;0;-2;0,00;0;2
SAP2000 v20;Computers and Structures Inc.;Based on installations;0;7;0;0;-7;0,00;3;7
SAP2000 v23;Computers and Structures Inc.;Based on installations;2;14;2;2;-12;0,00;10;14
SAP2000 v24;Computers and Structures Inc.;Based on concurrent devices;3;1;3;3;2;0,00;6;10
Schematic Dataset Editor 10;ESRI;Based on installations;0;304;0;0;-304;0,00;0;304
Screen Capture 3 Pro (Mac);Boniten, Inc.;Based on installations;0;1;0;0;-1;0,00;1;1
ScreenConnect by ScreenConnect 22 Client;ConnectWise;Based on installations;0;2;0;0;-2;0,00;0;2
ScreenConnect by ScreenConnect 23 Client;ConnectWise;Based on installations;0;8;0;0;-8;0,00;0;8
SDDP 18;PSR;Based on installations;0;1;0;0;-1;0,00;5;2
SDI-12 Verifier 5;NR Systems;Based on installations;0;1;0;0;-1;0,00;0;1
SecureCRT 9;VanDyke Software;Based on installations;0;1;0;0;-1;0,00;1;1
SecurOS 11;ISS, Inc;Based on installations;0;53;0;0;-53;0,00;0;54
Seequent Connector 2022;Geosoft;Based on installations;0;6;0;0;-6;0,00;4;6
Seequent Connector 2024;Geosoft;Based on installations;0;7;0;0;-7;0,00;8;8
SEL SynchroWAVe Event 1;Schweitzer Engineering Labs, inc;Based on installations;0;7;0;0;-7;0,00;3;7
SEL-5010 Relay Assistant 4;Schweitzer Engineering Labs, inc;Based on installations;0;2;0;0;-2;0,00;0;2
SEL-5601 synchroWAVe Event 2;Schweitzer Engineering Labs, inc;Based on installations;4;2;4;4;2;0,00;1;2
Sentinel HASP 12;SafeNet, Inc.;Based on installations;0;2;0;0;-2;0,00;0;2
Sentinel HASP 8;SafeNet, Inc.;Based on installations;0;4;0;0;-4;0,00;0;4
Sentinel RMS License Manager 8;SafeNet, Inc.;Based on installations;0;1;0;0;-1;0,00;0;1
Sentinel RMS License Manager 9;SafeNet, Inc.;Based on installations;0;6;0;0;-6;0,00;0;6
SEP2 MeterView 2;Iskraemeco d.d;Based on installations;0;3;0;0;-3;0,00;3;3
Settlement 2022;Fine Ltd.;Based on installations;0;7;0;0;-7;0,00;1;10
Settlement 2023;Fine Ltd.;Based on installations;0;2;0;0;-2;0,00;1;3
Shaft 2022;Fine Ltd.;Based on installations;0;7;0;0;-7;0,00;0;10
Shaft 2023;Fine Ltd.;Based on installations;0;2;0;0;-2;0,00;1;3
Sheeting Check 2022;Fine Ltd.;Based on installations;0;7;0;0;-7;0,00;0;10
Sheeting Check 2023;Fine Ltd.;Based on installations;0;2;0;0;-2;0,00;0;3
Sheeting Design 2022;Fine Ltd.;Based on installations;0;7;0;0;-7;0,00;0;10
Sheeting Design 2023;Fine Ltd.;Based on installations;0;2;0;0;-2;0,00;2;3
Sheridan Data Widgets 3;Sheridan Software Systems;Based on installations;0;2;0;0;-2;0,00;0;2
ShowMyPC 2578;ShowMyPC;Based on installations;0;1;0;0;-1;0,00;0;1
SICAM Device Manager 4;Siemens Energy;Based on installations;0;1;0;0;-1;0,00;1;1
Signal Processing Toolbox 2025b;The MathWorks;Based on installations;0;1;0;0;-1;0,00;0;1
Signiant 1;Signiant Inc;Based on installations;0;4;0;0;-4;0,00;4;4
SIGRA 4;Siemens AG;Based on installations;0;8;0;0;-8;0,00;8;8
SIMATIC Step 7 v5.6;Siemens AG;Based on installations;0;1;0;0;-1;0,00;1;1
SIMATIC Step 7 v5.7;Siemens AG;Based on installations;0;4;0;0;-4;0,00;0;4
Simba Spark ODBC 2;Simba Technologies;Based on installations;0;3;0;0;-3;0,00;0;4
SimLab Composer 9;Simulation Lab Software;Based on installations;0;2;0;0;-2;0,00;2;2
Simscape 2025b;The MathWorks;Based on installations;0;1;0;0;-1;0,00;0;1
Simulink 2025b;The MathWorks;Based on installations;0;1;0;0;-1;0,00;0;1
Simulink Control Design 2025b;The MathWorks;Based on installations;0;1;0;0;-1;0,00;0;1
Sivigila 18;Instituto Nacional de Salud;Based on installations;0;3;0;0;-3;0,00;3;3
Skype for Business 2016;Microsoft Corporation;Based on installations;0;67;0;0;-67;0,00;4040;7567
Skype for Business Server 2019;Microsoft Corporation;Based on installations;0;1;0;0;-1;0,00;0;1
Slab 2023;Fine Ltd.;Based on installations;0;2;0;0;-2;0,00;3;3
Slab 2025;Fine Ltd.;Based on installations;0;3;0;0;-3;0,00;0;3
Slide2 6;Rocscience Inc.;Based on installations;0;3;0;0;-3;0,00;0;3
Slide2 9;Rocscience Inc.;Based on installations;0;18;0;0;-18;0,00;9;18
Slope Stability 2022;Fine Ltd.;Based on installations;0;7;0;0;-7;0,00;2;10
Slope Stability 2023;Fine Ltd.;Based on installations;0;2;0;0;-2;0,00;0;3
Smart Touch Technology 1;Kodak alaris Inc.;Based on installations;0;52;0;0;-52;0,00;110;52
Smart Touch Technology 2;Kodak alaris Inc.;Based on installations;0;3;0;0;-3;0,00;3;3
SmartScript 1;WAGO;Based on installations;0;3;0;0;-3;0,00;1;3
Smowl CM 3;SMOWLTECH;Based on installations;0;4;0;0;-4;0,00;0;4
Smowl CM 4;SMOWLTECH;Based on installations;0;391;0;0;-391;0,00;23;390
Smowl CM 5;SMOWLTECH;Based on installations;0;278;0;0;-278;0,00;142;277
Snow Inventory Agent 6.13;Snow Software AB;Based on installations;0;207;0;0;-207;0,00;10;206
Snow Inventory Agent 6.14;Snow Software AB;Based on installations;0;7722;0;0;-7722;0,00;254;7721
Snow Inventory Agent 7.0;Snow Software AB;Based on installations;0;12;0;0;-12;0,00;1;11
Snow Inventory Agent 7.0 (Mac);Snow Software AB;Based on installations;0;2;0;0;-2;0,00;1;2
Snow Inventory Saas Metering 6.13;Snow Software AB;Based on installations;0;206;0;0;-206;0,00;603;206
Snow Inventory Saas Metering 6.14;Snow Software AB;Based on installations;0;7708;0;0;-7708;0,00;9004;7708
Snow Inventory Saas Metering 7.0;Snow Software AB;Based on installations;0;12;0;0;-12;0,00;22;11
SoftGold ABViewer 15;CADSoftTools;Based on installations;0;1;0;0;-1;0,00;0;1
SonTek FlowTracker 1;SonTek;Based on installations;0;2;0;0;-2;0,00;0;2
Spread Footing 2022;Fine Ltd.;Based on installations;0;7;0;0;-7;0,00;3;10
Spread Footing 2023;Fine Ltd.;Based on installations;0;2;0;0;-2;0,00;2;3
Spread Footing CPT 2022;Fine Ltd.;Based on installations;0;7;0;0;-7;0,00;1;10
Spread Footing CPT 2023;Fine Ltd.;Based on installations;0;2;0;0;-2;0,00;0;3
SQL Prompt 9.2 Pro;Red Gate Software Ltd;Based on installations;0;1;0;0;-1;0,00;0;1
SqlDbx 3;AngStream LLC;Based on installations;0;8;0;0;-8;0,00;16;8
SqlDbx 6;AngStream LLC;Based on installations;0;1;0;0;-1;0,00;2;1
SSH Secure Shell Client 3;SSH Communications Security Corporation;Based on installations;0;1;0;0;-1;0,00;1;1
SSM3000 v3;Zera GmbH;Based on installations;0;5;0;0;-5;0,00;5;5
STATGRAPHICS Centurion 19;StatPoint, Inc.;Based on installations;0;1;0;0;-1;0,00;0;1
Statistics and Machine Learning Toolbox 2025b;The MathWorks;Based on installations;0;1;0;0;-1;0,00;0;1
StatTools 8;Lumivero;Based on installations;0;1;0;0;-1;0,00;0;1
Stratigraphy 2022;Fine Ltd.;Based on installations;0;3;0;0;-3;0,00;0;3
Stratigraphy 2025;Fine Ltd.;Based on installations;0;3;0;0;-3;0,00;0;3
Studio 3T;3T Software Labs GmbH;Based on installations;0;1;0;0;-1;0,00;1;1
Style Builder 17;Trimble Inc.;Based on installations;0;6;0;0;-6;0,00;1;6
Style Builder 21;Trimble Inc.;Based on installations;0;2;0;0;-2;0,00;1;3
SureThing Express Labeler 3;MicroVision Development;Based on installations;0;1;0;0;-1;0,00;0;14
Svantek Supervisor 2;Svantek;Based on installations;0;2;0;0;-2;0,00;3;2
Swedge 6;Rocscience Inc.;Based on installations;0;3;0;0;-3;0,00;1;3
Swedge 7;Rocscience Inc.;Based on installations;0;10;0;0;-10;0,00;3;10
Sybase Interactive SQL 17;Sybase;Based on installations;0;3;0;0;-3;0,00;3;3
Symantec Data Center Security 6.7 Server Edition;Symantec;Based on installations;0;1;0;0;-1;0,00;0;1
Symantec Endpoint Protection 14.2;Symantec;Based on installations;0;1;0;0;-1;0,00;0;1
Symbolic Math Toolbox 2025b;The MathWorks;Based on installations;0;1;0;0;-1;0,00;0;1
Synergi Gas 4;DNV AS;Based on installations;0;6;0;0;-6;0,00;4;6
System Identification Toolbox 2025b;The MathWorks;Based on installations;0;1;0;0;-1;0,00;0;1
SystemTools Remote Control Manager 1;SystemTools Software Inc;Based on installations;0;4;0;0;-4;0,00;0;4
T3k Configuration 2.8;Habilience;Based on installations;0;3;0;0;-3;0,00;0;3
Tableau Desktop 2022;Salesforce, Inc.;Based on installations;0;1;0;0;-1;0,00;0;0
Tabular Editor 3;Tabular Editor ApS;Based on installations;0;2;0;0;-2;0,00;3;2
TAC Vista 11;Schneider Electric;Based on installations;0;2;0;0;-2;0,00;2;2
TAC Vista 8;Schneider Electric;Based on installations;0;1;0;0;-1;0,00;0;1
TAC Vista Graphics Editor 5;Schneider Electric;Based on installations;0;1;0;0;-1;0,00;0;1
TeamViewer Portable 15;PortableApps.com;Based on installations;0;1;0;0;-1;0,00;1;1
Teradata CLIv2 v20;Teradata Corporation;Based on installations;0;7;0;0;-7;0,00;0;7
Teradata Data Connector 20;Teradata Corporation;Based on installations;0;6;0;0;-6;0,00;0;6
Teradata Studio;Teradata Corporation;Based on installations;0;9;0;0;-9;0,00;10;10
TerraSync 4;Trimble Inc.;Based on installations;0;1;0;0;-1;0,00;0;1
Text Analytics Toolbox 2025b;The MathWorks;Based on installations;0;1;0;0;-1;0,00;0;1
TextPad 8.0;Helios Software Solutions;Based on installations;0;2;0;0;-2;0,00;0;2
TextPad 8.2;Helios Software Solutions;Based on installations;0;1;0;0;-1;0,00;1;1
TextPad 8.4;Helios Software Solutions;Based on installations;0;9;0;0;-9;0,00;5;9
TextPad 8.5;Helios Software Solutions;Based on installations;0;1;0;0;-1;0,00;1;1
TextPad 9.4;Helios Software Solutions;Based on installations;0;5;0;0;-5;0,00;5;5
TextPad 9.7;Helios Software Solutions;Based on installations;0;1;0;0;-1;0,00;1;0
TextPad 9.9;Helios Software Solutions;Based on installations;0;1;0;0;-1;0,00;0;1
Toad Data Modeler 7.2;Quest Software;Based on installations;0;47;0;0;-47;0,00;9;46
Toad for Oracle 13.3;Quest Software;Based on installations;0;37;0;0;-37;0,00;54;38
Toad for Oracle 13.3 Base;Quest Software;Based on installations;0;18;0;0;-18;0,00;16;17
Toad for Oracle 13.3 DBA RAC Edition;Quest Software;Based on installations;0;1;0;0;-1;0,00;1;1
Toad for Oracle 13.3 DBA Suite;Quest Software;Based on installations;0;3;0;0;-3;0,00;3;3
Toad for Oracle 13.3 Developer Edition;Quest Software;Based on installations;0;41;0;0;-41;0,00;34;41
Toad for Oracle 13.3 Xpert;Quest Software;Based on installations;0;8;0;0;-8;0,00;8;7
Toad for Oracle Standard to Xpert Suite Additional Module;Quest Software;Based on installations;0;4;0;0;-4;0,00;0;4
Toad for SQL Server 6.5;Quest Software;Based on installations;0;1;0;0;-1;0,00;1;1
Toolbelt 2;Extron Electronics;Based on installations;0;1;0;0;-1;0,00;1;1
Topcon Link 7;Topcon Positioning Systems, Inc.;Based on installations;0;2;0;0;-2;0,00;0;2
Topcon Tools 7;Topcon Positioning Systems, Inc.;Based on installations;0;15;0;0;-15;0,00;2;16
TopRank 8;Lumivero;Based on installations;0;1;0;0;-1;0,00;0;1
TOSCA Testsuite 23 Server;TRICENTIS;Based on installations;0;1;0;0;-1;0,00;0;1
Total Commander 10;Ghisler Software GmbH;Based on installations;0;5;0;0;-5;0,00;2;5
Total Commander 8;Ghisler Software GmbH;Based on installations;0;1;0;0;-1;0,00;2;1
Total Commander 9;Ghisler Software GmbH;Based on installations;0;2;0;0;-2;0,00;1;2
Totally Integrated Automation Portal 17;Siemens AG;Based on installations;0;1;0;0;-1;0,00;0;1
Totally Integrated Automation Portal 18;Siemens AG;Based on installations;0;6;0;0;-6;0,00;4;6
TOWER 15;Power Line Systems Inc.;Based on installations;0;1;0;0;-1;0,00;0;1
TOWER 19;Power Line Systems Inc.;Based on installations;0;1;0;0;-1;0,00;2;1
TOWER 20;Power Line Systems Inc.;Based on installations;0;2;0;0;-2;0,00;4;2
Trellix Agent 5.7;Musarubra US LLC.;Based on installations;0;48;0;0;-48;0,00;0;48
Trellix Agent 5.8;Musarubra US LLC.;Based on installations;0;7799;0;0;-7799;0,00;0;7796
Trellix Data Exchange Layer 6.0 for MA;Musarubra US LLC.;Based on installations;0;1;0;0;-1;0,00;0;1
Trellix Data Exchange Layer 6.0 for TA;Musarubra US LLC.;Based on installations;0;7844;0;0;-7844;0,00;0;7842
Trellix Endpoint Security 10.7;Musarubra US LLC.;Based on installations;0;1;0;0;-1;0,00;0;1
Trend Micro Apex One 14;Trend Micro;Based on installations;0;7856;0;0;-7856;0,00;8873;7855
Trend Micro Cloud One Endpoint Security;Trend Micro;Based on installations;0;7684;0;0;-7684;0,00;0;7682
Trend Micro Deep Security 20 Agent;Trend Micro;Based on installations;0;5;0;0;-5;0,00;6;5
Trend Micro Endpoint Basecamp 1;Trend Micro;Based on installations;0;7902;0;0;-7902;0,00;87;7899
Trend Micro Endpoint Sensor 3.5;Trend Micro;Based on installations;0;54;0;0;-54;0,00;0;54
Trimble Business Center 2.7;Trimble Inc.;Based on installations;0;1;0;0;-1;0,00;0;1
Trimble Business Center 5.3;Trimble Inc.;Based on installations;0;5;0;0;-5;0,00;4;5
Trimble Feature Definition Manager 2;Trimble Inc.;Based on installations;0;5;0;0;-5;0,00;0;5
Trimble LayOut 17;Trimble Inc.;Based on installations;0;6;0;0;-6;0,00;0;6
Trimble SketchUp 2021;Trimble Inc.;Based on installations;0;2;0;0;-2;0,00;5;3
Trimble SketchUp 2021 Pro;Trimble Inc.;Based on installations;0;1;0;0;-1;0,00;1;1
Trimble SketchUp 2022 Pro;Trimble Inc.;Based on installations;0;7;0;0;-7;0,00;4;7
Trimble SketchUp 2023 Pro;Trimble Inc.;Based on installations;0;3;0;0;-3;0,00;2;3
Trimble SketchUp 2024 Pro;Trimble Inc.;Based on installations;0;11;0;0;-11;0,00;8;11
Trimble SketchUp 2025 Pro;Trimble Inc.;Based on installations;0;14;0;0;-14;0,00;12;14
Trimble SketchUp 2026 Pro;Trimble Inc.;Based on installations;0;6;0;0;-6;0,00;4;6
TS-ACE Pilot 6;Itron;Based on total devices;0;1;0;0;-1;0,00;1;0
TS-Ad-Aware Web Companion 1;Lavasoft;Based on total devices;0;1;0;0;-1;0,00;1;0
TS-ArcGIS Connection 10;ESRI;Based on total devices;0;1;0;0;-1;0,00;1;0
TS-ArcMap 10;ESRI;Based on total devices;0;1;0;0;-1;0,00;1;0
TS-Check Point VPN E85.40;Check Point Software Technologies Ltd.;Based on total devices;0;8;0;0;-8;0,00;5;1
TS-Check Point VPN E86.50;Check Point Software Technologies Ltd.;Based on total devices;0;6;0;0;-6;0,00;8;1
TS-Check Point VPN E86.80;Check Point Software Technologies Ltd.;Based on total devices;0;6;0;0;-6;0,00;6;2
TS-Check Point VPN E87.20;Check Point Software Technologies Ltd.;Based on total devices;0;2;0;0;-2;0,00;2;1
TS-Citrix Analytics 22;Citrix Systems, Inc.;Based on total devices;0;3;0;0;-3;0,00;2;0
TS-Citrix Analytics 24;Citrix Systems, Inc.;Based on total devices;0;9;0;0;-9;0,00;7;1
TS-Citrix Analytics 25;Citrix Systems, Inc.;Based on total devices;0;14;0;0;-14;0,00;18;3
TS-GoodSync 12;Siber Systems Inc;Based on total devices;0;3;0;0;-3;0,00;1;0
TsiLang Files Editor 6;SiComponents;Based on installations;0;8;0;0;-8;0,00;0;8
TS-Landis+Gyr .MAP110 v6.0;Landis+Gyr;Based on total devices;0;1;0;0;-1;0,00;2;0
TS-Landis+Gyr MAP110 v7.0;Landis+Gyr;Based on total devices;0;1;0;0;-1;0,00;2;1
TS-Microsoft Office 2013 Excel;Microsoft Corporation;Based on total devices;0;1;0;0;-1;0,00;1;0
TS-Microsoft Office 2016 Excel;Microsoft Corporation;Based on total devices;0;21;0;0;-21;0,00;20;4
TS-Microsoft Office 2016 OneNote;Microsoft Corporation;Based on total devices;0;2;0;0;-2;0,00;3;0
TS-Microsoft Office 2016 Outlook;Microsoft Corporation;Based on total devices;0;6;0;0;-6;0,00;7;1
TS-Microsoft Office 2016 PowerPoint;Microsoft Corporation;Based on total devices;0;5;0;0;-5;0,00;6;1
TS-Microsoft Office 2016 Word;Microsoft Corporation;Based on total devices;0;9;0;0;-9;0,00;11;1
TS-Microsoft Office 2024 OneNote;Microsoft Corporation;Based on total devices;0;3;0;0;-3;0,00;4;0
TS-SafeNet Authentication Client 10;SafeNet, Inc.;Based on total devices;0;16;0;0;-16;0,00;15;2
TS-SafeNet Authentication Client 8;SafeNet, Inc.;Based on total devices;0;1;0;0;-1;0,00;2;0
TS-Skype for Business 2016;Microsoft Corporation;Based on total devices;0;8;0;0;-8;0,00;6;0
TS-Snow Inventory Saas Metering 6.14;Snow Software AB;Based on total devices;0;27;0;0;-27;0,00;32;6
TS-Total Commander 8;Ghisler Software GmbH;Based on total devices;0;1;0;0;-1;0,00;1;0
TS-Totally Integrated Automation Portal 18;Siemens AG;Based on total devices;0;1;0;0;-1;0,00;2;0
TURBNPRO KC4 v1;Hydro Info Systems;Based on installations;0;1;0;0;-1;0,00;0;1
TurboFTP 6;TurboSoft;Based on installations;0;1;0;0;-1;0,00;0;1
Twinmotion 2023;Epic Games, Inc.;Based on installations;0;1;0;0;-1;0,00;1;1
UE Spectralyzer 4;UE Systems Inc.;Based on installations;0;1;0;0;-1;0,00;0;1
UgCS 4;SPH Engineering;Based on installations;0;1;0;0;-1;0,00;0;1
UgCS 5;SPH Engineering;Based on installations;0;1;0;0;-1;0,00;0;1
UiExplorer 20.10;UiPath Inc;Based on installations;0;1;0;0;-1;0,00;0;1
UiExplorer 21.4;UiPath Inc;Based on installations;0;11;0;0;-11;0,00;0;11
UiExplorer 22.10;UiPath Inc;Based on installations;0;19;0;0;-19;0,00;0;18
UiExplorer 23.10;UiPath Inc;Based on installations;0;20;0;0;-20;0,00;0;20
UiExplorer 23.4;UiPath Inc;Based on installations;0;1;0;0;-1;0,00;0;1
UiExplorer 24.10;UiPath Inc;Based on installations;0;43;0;0;-43;0,00;0;42
UiExplorer 25.0;UiPath Inc;Based on installations;0;8;0;0;-8;0,00;0;8
UiExplorer 25.10;UiPath Inc;Based on installations;0;1;0;0;-1;0,00;0;1
UiPath Assistant 2022;UiPath Inc;Based on installations;0;2;0;0;-2;0,00;5;2
UiPath Assistant 2023;UiPath Inc;Based on installations;0;21;0;0;-21;0,00;4;21
UiPath Assistant 2024;UiPath Inc;Based on installations;0;43;0;0;-43;0,00;20;42
UiPath Assistant 2025;UiPath Inc;Based on installations;0;9;0;0;-9;0,00;8;9
UiPath Assistant 2026;UiPath Inc;Based on installations;0;9;0;0;-9;0,00;3;9
UiPath LicenseTool 20;UiPath Inc;Based on installations;0;1;0;0;-1;0,00;0;1
UiPath LicenseTool 21;UiPath Inc;Based on installations;0;11;0;0;-11;0,00;0;11
UiPath LicenseTool 22;UiPath Inc;Based on installations;0;19;0;0;-19;0,00;0;18
UiPath LicenseTool 23;UiPath Inc;Based on installations;0;21;0;0;-21;0,00;0;21
UiPath LicenseTool 24;UiPath Inc;Based on installations;0;43;0;0;-43;0,00;2;42
UiPath LicenseTool 25;UiPath Inc;Based on installations;0;9;0;0;-9;0,00;2;9
UiPath LicenseTool 26;UiPath Inc;Based on installations;0;9;0;0;-9;0,00;0;9
UiPath Robot 2020;UiPath Inc;Based on installations;0;1;0;0;-1;0,00;0;1
UiPath Robot 2021;UiPath Inc;Based on installations;0;11;0;0;-11;0,00;0;11
UiPath Robot 2022;UiPath Inc;Based on installations;0;19;0;0;-19;0,00;0;18
UiPath Robot 2023;UiPath Inc;Based on installations;0;21;0;0;-21;0,00;0;21
UiPath Robot 2024;UiPath Inc;Based on installations;0;43;0;0;-43;0,00;0;42
UiPath Robot 2025;UiPath Inc;Based on installations;0;9;0;0;-9;0,00;0;9
UiPath Robot 2026;UiPath Inc;Based on installations;0;9;0;0;-9;0,00;0;9
UiPath Studio 2020;UiPath Inc;Based on installations;0;1;0;0;-1;0,00;0;1
UiPath Studio 2021;UiPath Inc;Based on installations;0;15;0;0;-15;0,00;2;15
UiPath Studio 2022;UiPath Inc;Based on installations;0;17;0;0;-17;0,00;5;16
UiPath Studio 2023;UiPath Inc;Based on installations;0;21;0;0;-21;0,00;11;21
UiPath Studio 2024;UiPath Inc;Based on installations;0;37;0;0;-37;0,00;28;36
UiPath Studio 2025;UiPath Inc;Based on installations;0;9;0;0;-9;0,00;10;9
UiPath Studio 2026;UiPath Inc;Based on installations;0;9;0;0;-9;0,00;3;9
UltimateZip 3;SWE von Schleusen;Based on installations;0;1;0;0;-1;0,00;0;1
UltraISO 9 Premium;EZB Systems;Based on installations;0;1;0;0;-1;0,00;0;1
UltraSite32 v1;Emerson Electric Co;Based on installations;0;1;0;0;-1;0,00;3;1
Unwedge 3;Rocscience Inc.;Based on installations;0;2;0;0;-2;0,00;0;2
Unwedge 5;Rocscience Inc.;Based on installations;0;11;0;0;-11;0,00;2;11
VCarve Pro 12;Vectric Limited;Based on installations;0;1;0;0;-1;0,00;1;1
VEGA DTM 1;VEGA Grieshaber KG;Based on installations;0;2;0;0;-2;0,00;0;2
VEGA DTM 2;VEGA Grieshaber KG;Based on installations;0;1;0;0;-1;0,00;0;1
Vensim 8 Pro;Ventana Systems, Inc.;Based on installations;0;1;0;0;-1;0,00;0;1
VeryPDF PDF to DWG Converter 3;verypdf.com;Based on installations;0;1;0;0;-1;0,00;0;1
VES004 v2.1;IFM Electronic GMBH;Based on installations;0;1;0;0;-1;0,00;0;1
VI Package Manager 2019;JKI;Based on installations;0;1;0;0;-1;0,00;0;1
View Pro 4;Campbell Scientific, Inc.;Based on installations;0;23;0;0;-23;0,00;16;24
VNC Server 5.2;RealVNC Limited;Based on installations;0;1;0;0;-1;0,00;2;1
V-Ray 7 for SketchUp;Chaos Software GmbH;Based on installations;0;1;0;0;-1;0,00;0;1
WallControl 10 v1;Datapath Ltd;Based on installations;0;7;0;0;-7;0,00;1;7
Water Evaluation And Planning 1;Stockholm Environment Institute;Based on installations;0;1;0;0;-1;0,00;1;1
Wavewin 4;Softstuf, Inc.;Based on installations;0;3;0;0;-3;0,00;0;3
WBS Schedule Pro 5;Critical Tools;Based on installations;0;1;0;0;-1;0,00;0;1
WCFStorm 4 Enterprise;WCFStorm Solutions;Based on installations;0;1;0;0;-1;0,00;0;1
WHO Anthro 1 Plus;WHO;Based on installations;0;1;0;0;-1;0,00;2;1
WHO Anthro 3;WHO;Based on installations;0;1;0;0;-1;0,00;2;1
WildEdit 2;Helios Software Solutions;Based on installations;0;1;0;0;-1;0,00;0;1
Windmill Chart 7;Windmill Software Ltd;Based on installations;0;1;0;0;-1;0,00;0;1
Windmill DDE Panel 7;Windmill Software Ltd;Based on installations;0;1;0;0;-1;0,00;0;1
Windmill Logger 7;Windmill Software Ltd;Based on installations;0;1;0;0;-1;0,00;0;1
Windows 10 Enterprise;Microsoft Corporation;Based on installations;0;58;0;0;-58;0,00;0;58
Windows 10 Pro;Microsoft Corporation;Based on installations;0;282;0;0;-282;0,00;0;282
Windows 10 Pro for Workstations;Microsoft Corporation;Based on installations;0;12;0;0;-12;0,00;0;12
Windows 11 Enterprise;Microsoft Corporation;Based on installations;0;1995;0;0;-1995;0,00;0;1989
Windows 11 Pro;Microsoft Corporation;Based on installations;0;5294;0;0;-5294;0,00;0;5299
Windows 11 Pro for Workstations;Microsoft Corporation;Based on installations;0;281;0;0;-281;0,00;0;281
Windows 8.1 Pro;Microsoft Corporation;Based on installations;0;3;0;0;-3;0,00;0;3
Windows Switchgear Operating System 5;Schneider Electric;Based on installations;0;11;0;0;-11;0,00;4;11
Windsurf 1;Exafunction;Based on installations;0;3;0;0;-3;0,00;3;2
WinHex 16;X-Ways Software;Based on installations;0;1;0;0;-1;0,00;0;1
WinRAR Archiver 7.1;RARLAB (published by win.rar GmbH);Based on installations;0;6;0;0;-6;0,00;2;6
WinZip;Corel Corporation;Based on installations;0;1;0;0;-1;0,00;1;1
WinZip 27;Corel Corporation;Based on installations;0;1;0;0;-1;0,00;1;1
Wispr Flow 1;Wispr Flow;Based on installations;0;1;0;0;-1;0,00;1;1
Wondershare Auto Reframe 1 (Mac);Wondershare;Based on installations;0;1;0;0;-1;0,00;0;1
Wondershare Filmora 12;Wondershare;Based on installations;0;1;0;0;-1;0,00;0;1
Wondershare Filmora 13;Wondershare;Based on installations;0;1;0;0;-1;0,00;0;1
Wondershare Filmora 14 (Mac);Wondershare;Based on installations;0;1;0;0;-1;0,00;0;1
Wondershare Filmora 15;Wondershare;Based on installations;0;1;0;0;-1;0,00;1;1
WPS Presentation 11;Kingsoft Office Software, Inc.;Based on installations;0;1;0;0;-1;0,00;1;1
WPS Presentation 12;Kingsoft Office Software, Inc.;Based on installations;0;5;0;0;-5;0,00;3;5
WPS Spreadsheets 11;Kingsoft Office Software, Inc.;Based on installations;0;1;0;0;-1;0,00;1;1
WPS Spreadsheets 12;Kingsoft Office Software, Inc.;Based on installations;0;5;0;0;-5;0,00;3;5
WPS Writer 11;Kingsoft Office Software, Inc.;Based on installations;0;1;0;0;-1;0,00;1;1
WPS Writer 12;Kingsoft Office Software, Inc.;Based on installations;0;5;0;0;-5;0,00;5;5
WTViewer 8;Yokogawa Electric Corporation;Based on installations;0;2;0;0;-2;0,00;1;2
XBRL Express Reporting Standard 3;Reporting Estándar;Based on installations;0;8;0;0;-8;0,00;0;8
Xlight FTP Server 3;XLIGHTFTPD;Based on installations;0;1;0;0;-1;0,00;0;1
XMind 25;XMind Ltd.;Based on installations;0;14;0;0;-14;0,00;10;14
XMind 26;XMind Ltd.;Based on installations;0;4;0;0;-4;0,00;3;4
XnView MP 1;XnSoft;Based on installations;0;1;0;0;-1;0,00;0;1
Yodot Outlook PST Repair 3;Yodot Software;Based on installations;0;1;0;0;-1;0,00;0;1
Zero Trust Secure Access 2;Trend Micro;Based on installations;0;193;0;0;-193;0,00;201;194
Zoho Meeting 2;Zoho Corporation Pvt. Ltd.;Based on installations;0;19;0;0;-19;0,00;10;19
Zoho Meeting 4;Zoho Corporation Pvt. Ltd.;Based on installations;0;17;0;0;-17;0,00;13;17
ZoomText 2019;Freedom Scientific;Based on installations;0;1;0;0;-1;0,00;1;1
Total: 1143;;;Total: 1277;Total: 106043;Total: 462;Total: 462;Total: -105581;Total: 645;Total: 73925;Total: 116088
