Application;Manufacturer;Nombre del producto (match);Fabricante (match);% coincidencia
ACE Pilot 6;Itron;Ace Pilot;Itron;100
Adobe Acrobat 2017 Professional;Adobe Inc.;Adobe Acrobat 8 Professional;Adobe Inc.;100
Adobe Acrobat 2020;Adobe Inc.;Adobe Acrobat Pro 2020;Adobe Inc.;100
Adobe Acrobat 5;Adobe Inc.;Adobe Acrobat 5.0;Adobe Inc.;100
Adobe Acrobat 6 Standard;Adobe Inc.;Adobe Acrobat 8 Standard;Adobe Inc.;100
Adobe Acrobat 7 Pro;Adobe Inc.;Adobe Acrobat 9 Pro;Adobe Inc.;100
Adobe Acrobat 8 Pro;Adobe Inc.;Adobe Acrobat 9 Pro;Adobe Inc.;100
Adobe Acrobat 8 Standard;Adobe Inc.;Adobe Acrobat 8 Standard;Adobe Inc.;100
Adobe Acrobat 9 Pro;Adobe Inc.;Adobe Acrobat 9 Pro;Adobe Inc.;100
Adobe Acrobat Pro 2020;Adobe Inc.;Adobe Acrobat 9 Pro;Adobe Inc.;100
Adobe Acrobat X Pro;Adobe Inc.;Adobe Acrobat X Pro;Desconocido;100
Adobe Acrobat XI Pro;Adobe Inc.;Adobe Acrobat XI Pro;Desconocido;100
Adobe Captivate 6;Adobe Inc.;Adobe Captivate 9;Adobe Inc.;100
Adobe Captivate 9;Adobe Inc.;Adobe Captivate 9;Adobe Inc.;100
Adobe Creative Suite 5.5 Design Premium;Adobe Inc.;Adobe Creative Suite 5.5 Web Premium;Adobe Inc.;100
Adobe Creative Suite 6 Master Collection;Adobe Inc.;Adobe Creative Suite 6 Master Collection;Desconocido;100
Adobe Dreamweaver CS5.5;Adobe Inc.;Adobe Dreamweaver CS3;Adobe Inc.;100
Adobe Flash CS5.5 Professional;Adobe Inc.;Adobe Flash CS3 Professional;Adobe Inc.;100
Adobe Illustrator CS4;Adobe Inc.;Adobe Illustrator CS4;Adobe Inc.;100
Adobe Photoshop CS6;Adobe Inc.;Adobe Photoshop CS2;Adobe Inc.;100
Agisoft Metashape 1;Agisoft;Agisoft Metashape;Agisoft;100
Agisoft Metashape 1 Professional;Agisoft;Agisoft Metashape;Agisoft;100
AMS Machinery Health Manager 5;Emerson Electric Co;AMS Machinery Manager;EMERSON;100
Andover Continuum 2;Schneider Electric;Andover Continuum;Schneider Electric;100
ArcGIS Desktop 10.4;ESRI;ArcGIS Desktop;ESRI COLOMBIA S.A.S.;100
ArcGIS Desktop 10.5;ESRI;ArcGIS Desktop;ESRI COLOMBIA S.A.S.;100
ArcGIS Desktop 10.7;ESRI;ArcGIS Desktop;ESRI COLOMBIA S.A.S.;100
ArcGIS Desktop 10.8;ESRI;ArcGIS Desktop;ESRI COLOMBIA S.A.S.;100
ArcGIS Server 10;ESRI;ArcGIS Server;ESRI COLOMBIA S.A.S.;100
AutoCAD 2020;Autodesk, Inc.;AutoCAd;Autodesk;100
AutoCAD 2021;Autodesk, Inc.;AutoCAd;Autodesk;100
AutoCAD 2021 including Specialized Toolsets;Autodesk, Inc.;AutoCAd;Autodesk;100
AutoCAD 2024;Autodesk, Inc.;AutoCAd;Autodesk;100
AutoCAD 2024 including Specialized Toolsets;Autodesk, Inc.;AutoCAd;Autodesk;100
AutoCAD 2026;Autodesk, Inc.;AutoCAd;Autodesk;100
AutoCAD Architecture 2018;Autodesk, Inc.;AutoCAd;Autodesk;100
AutoCAD Architecture 2020;Autodesk, Inc.;AutoCAd;Autodesk;100
AutoCAD Architecture 2021;Autodesk, Inc.;AutoCAd;Autodesk;100
AutoCAD Architecture 2026;Autodesk, Inc.;AutoCAd;Autodesk;100
AutoCAD Civil 3D 2020;Autodesk, Inc.;AutoCAd;Autodesk;100
AutoCAD Civil 3D 2021;Autodesk, Inc.;AutoCAd;Autodesk;100
AutoCAD Civil 3D 2024;Autodesk, Inc.;AutoCAd;Autodesk;100
AutoCAD Civil 3D 2026;Autodesk, Inc.;AutoCAd;Autodesk;100
AutoCAD Map 3D 2019;Autodesk, Inc.;AutoCAd;Autodesk;100
AutoCAD Map 3D 2021;Autodesk, Inc.;AutoCAd;Autodesk;100
AutoCAD Map 3D 2024;Autodesk, Inc.;AutoCAd;Autodesk;100
AutoCAD Mechanical 2021;Autodesk, Inc.;AutoCAd;Autodesk;100
AutoCAD MEP 2019;Autodesk, Inc.;AutoCAd;Autodesk;100
AutoCAD Plant 3D 2021;Autodesk, Inc.;AutoCAd;Autodesk;100
AutoCAD Plant 3D 2022;Autodesk, Inc.;AutoCAd;Autodesk;100
AutoCAD Raster Design 2021;Autodesk, Inc.;AutoCAd;Autodesk;100
AutoCAD Web App (Cloud);Autodesk, Inc.;AutoCAd;Autodesk;100
Autodesk BIM Collaborate Pro 2022 User License;Autodesk, Inc.;Bim Collaborate;Autodesk;100
Autodesk Vault Professional 2019 Client;Autodesk, Inc.;Vault Professional;Autodesk;100
Autodesk Vault Professional 2021 Client;Autodesk, Inc.;Vault Professional;Autodesk;100
Autodesk Vault Professional 2022 Client;Autodesk, Inc.;Vault Professional;Autodesk;100
Autodesk Vault Professional 2024 Client;Autodesk, Inc.;Vault Professional;Autodesk;100
Availability Workbench 5;Isograph Ltd.;Availability Workbench;ISOGRAPH;100
Babylon 5;Babylon Ltd;Babylon;BABYLON;100
Babylon 6;Babylon Ltd;Babylon;BABYLON;100
CHCNAV CoPre 2;CHC NAV;COPRE;CHC NAV;100
COMSOL Multiphysics 6.1;COMSOL AB;Comsol Multiphysics;Comsol Inc.;100
CYPE 2024;CYPE Ingenieros,S.A;CYPE;CYPE Ingenieros SA;100
DIGSI 4 v4;Siemens AG;DIGSI;SIEMENS S.A.;100
DIGSI 5 v9;Siemens AG;DIGSI;SIEMENS S.A.;100
Dran-View 6;Trinergi AB;Dran-View 6;ServiSoft S.A.;100
Easy-Mark 1 Plus;PANDUIT CORP;Easy-Mark Plus;Panduit;100
EcoStruxure Building Operation 3;Schneider Electric;EcoStruxure Building Operation;Schneider Electric;100
EcoStruxure Power Monitoring Expert 11;Schneider Electric;Power Monitoring Expert;Schneider Electric;100
EcoStruxure Power Monitoring Expert 8;Schneider Electric;Power Monitoring Expert;Schneider Electric;100
Enscape 4;Chaos Software GmbH;Enscape;Chaos;100
EViews 11;IHS Markit;EViews 11;Desconocido;100
EViews 13;IHS Markit;EViews 13;QMS;100
GEO5 2022 Suite;Fine Ltd.;GEO5;Fine Software;100
GEO5 2023 Suite;Fine Ltd.;GEO5;Fine Software;100
GeoStudio 2018;GEO-SLOPE International Ltd;Geostudio 2018;GEOSLOPE;100
Global Mapper 18;Blue Marble Geographics;Global Mapper;Blue Marble Geographics;100
Global Mapper 20;Blue Marble Geographics;Global Mapper;Blue Marble Geographics;100
Global Mapper 24;Blue Marble Geographics;Global Mapper;Blue Marble Geographics;100
Global Mapper 25;Blue Marble Geographics;Global Mapper;Blue Marble Geographics;100
GPS Pathfinder Office 5;Trimble Inc.;GPS Pathfinder Office;Trimble;100
IBM ILOG CPLEX 12.5 Optimization Studio;IBM;CPLEX;IBM;100
IBM ILOG CPLEX 12.7 Optimization Studio;IBM;CPLEX;IBM;100
IBM ILOG CPLEX 20.1 Optimization Studio;IBM;CPLEX;IBM;100
LoggerNet 4.1;Campbell Scientific, Inc.;LoggerNet;Campbell Scientific;100
LoggerNet 4.4;Campbell Scientific, Inc.;LoggerNet;Campbell Scientific;100
LoggerNet 4.7;Campbell Scientific, Inc.;LoggerNet;Campbell Scientific;100
MATLAB 2025b;The MathWorks;MATLAB;The MathWorks;100
Microsoft Access 2021;Microsoft Corporation;Microsoft Access 2010;Microsoft;100
Microsoft Lync 2013;Microsoft Corporation;Lync;Microsoft;100
Microsoft Office 2007 Project Professional;Microsoft Corporation;Project Professional;Microsoft;100
Microsoft Office 2010 Access;Microsoft Corporation;Microsoft Access 2010;Microsoft;100
Microsoft Office 2013 InfoPath;Microsoft Corporation;Microsoft InfoPath 2013;Microsoft;100
Microsoft Office 2013 Project Standard;Microsoft Corporation;Office Project 2013 Standard;Microsoft;100
Microsoft Visio 2010 Professional;Microsoft Corporation;Microsoft Visio Professional 2010;Desconocido;100
Microsoft Visio 2013 Professional;Microsoft Corporation;Microsoft Visio Professional 2013;Desconocido;100
Microsoft Visio 2013 Standard;Microsoft Corporation;Microsoft Visio Standard 2010;Microsoft;100
Microsoft Visual Studio 6;Microsoft Corporation;Microsoft Visual Studio Enterprise SA;Microsoft;100
midas Gen 9;Midas IT Co.;MIDAS GEN;MIDAS;100
Mindjet MindManager X5 Pro;Mindjet;MindManager X5;MINDJET;100
Oracle Crystal Ball 11;Oracle;Crystal Ball;Oracle;100
PC400 4;Campbell Scientific, Inc.;PC400;Campbell Scientific;100
Pix4Dmapper 4;Pix4D;PIX4DMapper;PIX4D;100
PLS-CADD 15;Power Line Systems Inc.;PLS-CADD;POWER LINES SYSTEM;100
PLS-CADD 16;Power Line Systems Inc.;PLS-CADD;POWER LINES SYSTEM;100
PLS-CADD 17;Power Line Systems Inc.;PLS-CADD;POWER LINES SYSTEM;100
PLS-CADD 18;Power Line Systems Inc.;PLS-CADD;POWER LINES SYSTEM;100
PLS-CADD 20;Power Line Systems Inc.;PLS-CADD;POWER LINES SYSTEM;100
PLS-CADD 21;Power Line Systems Inc.;PLS-CADD;POWER LINES SYSTEM;100
PLS-POLE 15;Power Line Systems Inc.;PLS-POLE;Power Line Systems;100
PLS-POLE 16;Power Line Systems Inc.;PLS-POLE;Power Line Systems;100
PLS-POLE 17;Power Line Systems Inc.;PLS-POLE;Power Line Systems;100
PLS-POLE 18;Power Line Systems Inc.;PLS-POLE;Power Line Systems;100
PLS-POLE 20;Power Line Systems Inc.;PLS-POLE;Power Line Systems;100
Power Monitoring Expert 11;Schneider Electric;Power Monitoring Expert;Schneider Electric;100
Power Monitoring Expert 8;Schneider Electric;Power Monitoring Expert;Schneider Electric;100
Reliability Workbench 15;Isograph Ltd.;Reliability Workbench;ISOGRAPH;100
RocFall 4;Rocscience Inc.;RocFall;Rocscience;100
Rocscience Dips 6;Rocscience Inc.;Rocscience;Rocscience;100
Rocscience Dips 8;Rocscience Inc.;Rocscience;Rocscience;100
RocSupport 5;Rocscience Inc.;RocSupport;Rocscience;100
RTMC Pro 4;Campbell Scientific, Inc.;RTMC Pro;Campbell Scientific;100
SAP Disclosure Management 10;SAP AG;SAP Disclosure Management (DM);SAP;100
SAP2000 v20;Computers and Structures Inc.;SAP2000 v20;CSI;100
SAP2000 v23;Computers and Structures Inc.;SAP2000 V23;CSI;100
SEL-5601 synchroWAVe Event 2;Schweitzer Engineering Labs, inc;SEL-5601-2 Synchrowave Event;Schweitzer Engineering Laboratories Inc;100
Skype for Business 2016;Microsoft Corporation;Skype For Business;Microsoft;100
Skype for Business Server 2019;Microsoft Corporation;Skype For Business;Microsoft;100
Slide2 6;Rocscience Inc.;SLIDE2;Rocscience;100
Slide2 9;Rocscience Inc.;SLIDE2;Rocscience;100
Toad for Oracle 13.3 DBA RAC Edition;Quest Software;TOAD FOR ORACLE DBA RAC EDITION V13;Quest;100
Toad for Oracle 13.3 Developer Edition;Quest Software;TOAD FOR ORACLE DEVELOPER EDITION V13;Quest;100
Trend Micro Deep Security 20 Agent;Trend Micro;Trend Micro Deep Security Agent;Trend Micro;100
Trimble Business Center 2.7;Trimble Inc.;Trimble Business Center;Trimble;100
Trimble Business Center 5.3;Trimble Inc.;Trimble Business Center;Trimble;100
TS-ACE Pilot 6;Itron;Ace Pilot;Itron;100
UE Spectralyzer 4;UE Systems Inc.;Spectralyzer;UE System;100
UiPath Robot 2020;UiPath Inc;Uipath Robot;UiPath;100
UiPath Robot 2021;UiPath Inc;Uipath Robot;UiPath;100
UiPath Robot 2022;UiPath Inc;Uipath Robot;UiPath;100
UiPath Robot 2023;UiPath Inc;Uipath Robot;UiPath;100
UiPath Robot 2024;UiPath Inc;Uipath Robot;UiPath;100
UiPath Robot 2025;UiPath Inc;Uipath Robot;UiPath;100
UiPath Robot 2026;UiPath Inc;Uipath Robot;UiPath;100
VCarve Pro 12;Vectric Limited;Vcarve pro;Vectric Ltd.;100
VEGA DTM 1;VEGA Grieshaber KG;VEGA DTM;VEGA Grieshaber KG;100
VEGA DTM 2;VEGA Grieshaber KG;VEGA DTM;VEGA Grieshaber KG;100
VES004 v2.1;IFM Electronic GMBH;VES004;IFM;100
Inclinalysis 2;RST Instruments Ltd;RST Inclinalysis;RST Instruments LTD;98.8
IBM SPSS Statistics 25.0;IBM;IBM SPSS Statistics Base;IBM;98.4
IBM SPSS Statistics 26.0;IBM;IBM SPSS Statistics Base;IBM;98.4
IBM SPSS Statistics 27.0;IBM;IBM SPSS Statistics Base;IBM;98.4
IBM SPSS Statistics 29.0;IBM;IBM SPSS Statistics Base;IBM;98.4
IBM SPSS Statistics 30.0;IBM;IBM SPSS Statistics Base;IBM;98.4
Microsoft SQL Server 2008;Microsoft Corporation;Microsoft SQL Server 2005 Express Edition (SA);Microsoft;98.2
SafeNet Authentication Client 8;Thales Group;SafeNet Authentication Client;Adobe Inc.;98.1
Topcon Tools 7;Topcon Positioning Systems, Inc.;TopconTools;TopCon;98.0
Adobe Creative Suite 5 Design Premium;Adobe Inc.;Adobe Creative Suite 5.5 Web Premium;Adobe Inc.;97.7
ArcGIS for Server 11.1;ESRI;ArcGIS Server;ESRI COLOMBIA S.A.S.;97.7
midas GTS 1;Midas IT Co.;Midas GTS NX;MIDAS;97.7
Oracle Hyperion Strategic Finance 11;Oracle;Oracle Hyperion Strategic Finance;Desconocido;97.5
Adobe Acrobat 2017;Adobe Inc.;Adobe Acrobat Professional 2017;Adobe Inc.;97.4
Microsoft Office 2010 Professional Plus;Microsoft Corporation;Microsoft Office Professional Plus 2013;Desconocido;97.4
Microsoft Office 2016 Professional Plus;Microsoft Corporation;Microsoft Office Professional Plus 2013;Desconocido;97.4
Microsoft Office 2021 Professional Plus;Microsoft Corporation;Microsoft Office Professional Plus 2013;Desconocido;97.4
SafeNet Authentication Client 10;Thales Group;SafeNet Authentication Client;Adobe Inc.;97.2
MAGNET Office Tools 9;Topcon Positioning Systems, Inc.;MAGNET Tools;TopCon;97.1
Microsoft Visio 2016 Professional;Microsoft Corporation;Microsoft Visio Professional 2010;Desconocido;97.0
Microsoft Visio 2019 Professional;Microsoft Corporation;Microsoft Visio Professional 2010;Desconocido;97.0
Microsoft Office 2013 Standard;Microsoft Corporation;Microsoft Office 2010 Standard;Desconocido;96.7
Microsoft Office 2016 Publisher;Microsoft Corporation;Microsoft Office Publisher (English) 2010;microsoft;96.7
Microsoft Office 2016 Standard;Microsoft Corporation;Microsoft Office 2010 Standard;Desconocido;96.7
FLIR Thermal Studio Suite 2;FLIR Systems, Inc.;FLIR Thermal Studio Pro;FLIR Systems Inc;96.5
DIgSILENT PowerFactory 15;DIgSILENT GmbH;DIgSILENT PowerFactory;Desconocido;96.4
MAGNET Office Tools 10;Topcon Positioning Systems, Inc.;MAGNET Tools;TopCon;96.4
Microsoft SQL Server 2025;Microsoft Corporation;Microsoft SQL Server 2005 Express Edition (SA);Microsoft;96.4
Microsoft SQL Server 2017;Microsoft Corporation;Microsoft SQL Server 2005 Express Edition (SA);Microsoft;96.3
Microsoft SQL Server 2019;Microsoft Corporation;Microsoft SQL Server 2005 Express Edition (SA);Microsoft;96.3
Microsoft SQL Server 2022;Microsoft Corporation;Microsoft SQL Server 2005 Express Edition (SA);Microsoft;96.3
SEP2 MeterView 2;Iskraemeco d.d;SEP2 METERVIEW;ISKRA;96.2
Datacard ID Works 6.5 Standard;DataCard Corporation;Datacard ID Works Standard;Open Text Corporation;96.0
Genesys Cloud 2;Genesys;Genesys cloud;EMTELCO S.A.;96.0
ArcGIS Pro 3.5 + Interoperability Extension;ESRI;Extensiones ArcGIS Pro - Data Interoperability;ESRI COLOMBIA S.A.S.;95.9
Microsoft Office 2010 Project Standard;Microsoft Corporation;Office 2010 Standard;Microsoft;95.8
IBM SPSS Modeler Server 18.3;IBM;IBM SPSS Modeler Professional PVU Server;IBM;95.7
IBM SPSS Modeler Server 18.4;IBM;IBM SPSS Modeler Professional PVU Server;IBM;95.7
IBM SPSS Modeler Server 18.5;IBM;IBM SPSS Modeler Professional PVU Server;IBM;95.7
Microsoft Office 2016 Project Standard;Microsoft Corporation;Office Project 2013 Standard;Microsoft;95.7
Oracle Forms 6;Oracle;Oracle forms;Desconocido;95.7
SAP2000 v24;Computers and Structures Inc.;SAP2000 24 ADVANCED INTERNATIONAL STANDALONE;Computers and Structures INC;95.7
Adobe Acrobat Capture 6;Adobe Inc.;Adobe Creative Suite 3 Master Collection;Adobe Inc.;95.5
Adobe Creative Cloud Pro;Adobe Inc.;Adobe Creative Suite 3 Master Collection;Adobe Inc.;95.5
Adobe Creative Suite 6 Design Standard;Adobe Inc.;Adobe Acrobat 9 Pro;Adobe Inc.;95.5
ArcGIS 3D Analyst 10.4 for Desktop;ESRI;ArcGIS Pro Basic;ESRI COLOMBIA S.A.S.;95.5
ArcGIS 3D Analyst 10.5 for Desktop;ESRI;ArcGIS Pro Basic;ESRI COLOMBIA S.A.S.;95.5
ArcGIS 3D Analyst 10.7 for Desktop;ESRI;ArcGIS Pro Basic;ESRI COLOMBIA S.A.S.;95.5
ArcGIS 3D Analyst 10.8 for Desktop;ESRI;ArcGIS Pro Basic;ESRI COLOMBIA S.A.S.;95.5
ArcGIS Connection 10.5;ESRI;Extensiones ArcGIS Pro - Network Analyst;ESRI COLOMBIA S.A.S.;95.5
ArcGIS Connection 10.9;ESRI;Extensiones ArcGIS Pro - Network Analyst;ESRI COLOMBIA S.A.S.;95.5
ArcGIS Diagrammer 10;ESRI;Extensiones ArcGIS Pro - Network Analyst;ESRI COLOMBIA S.A.S.;95.5
ArcGIS Drone2Map 2;ESRI;ArcGIS for Desktop Estándar;ESRI COLOMBIA S.A.S.;95.5
ArcGIS Drone2Map 2023;ESRI;Extensiones ArcGIS Pro - Network Analyst;ESRI COLOMBIA S.A.S.;95.5
ArcGIS File Handler 10;ESRI;Extensiones ArcGIS Pro - Network Analyst;ESRI COLOMBIA S.A.S.;95.5
ArcGIS Insights 2020;ESRI;Extensiones ArcGIS Pro - Network Analyst;ESRI COLOMBIA S.A.S.;95.5
ArcGIS Insights 2024;ESRI;Extensiones ArcGIS Pro - Network Analyst;ESRI COLOMBIA S.A.S.;95.5
ArcGIS Pro 2.7;ESRI;ArcGIS for Desktop Advance;ESRI COLOMBIA S.A.S.;95.5
ArcGIS Pro 2.9;ESRI;ArcGIS for Desktop Advance;ESRI COLOMBIA S.A.S.;95.5
ArcGIS Pro 3.0;ESRI;ArcGIS for Desktop Advance;ESRI COLOMBIA S.A.S.;95.5
ArcGIS Pro 3.1;ESRI;ArcGIS for Desktop Advance;ESRI COLOMBIA S.A.S.;95.5
ArcGIS Pro 3.2;ESRI;ArcGIS for Desktop Advance;ESRI COLOMBIA S.A.S.;95.5
ArcGIS Pro 3.3;ESRI;ArcGIS for Desktop Advance;ESRI COLOMBIA S.A.S.;95.5
ArcGIS Pro 3.4;ESRI;ArcGIS for Desktop Advance;ESRI COLOMBIA S.A.S.;95.5
ArcGIS Pro 3.5;ESRI;ArcGIS for Desktop Advance;ESRI COLOMBIA S.A.S.;95.5
ArcGIS Pro 3.6;ESRI;ArcGIS for Desktop Advance;ESRI COLOMBIA S.A.S.;95.5
Autodesk Architecture, Engineering & Construction Collection 2024 AEC;Autodesk, Inc.;Product Design & Manufacturing Collection;Autodesk;95.5
Autodesk Cloud Models for Revit 2020;Autodesk, Inc.;AUTOCAD REVIT LT;Autodesk;95.5
Autodesk Cloud Models for Revit 2021;Autodesk, Inc.;AUTOCAD REVIT LT;Autodesk;95.5
Autodesk Cloud Models for Revit 2022;Autodesk, Inc.;AUTOCAD REVIT LT;Autodesk;95.5
Autodesk Copy Design 2019;Autodesk, Inc.;Product Design & Manufacturing Collection;Autodesk;95.5
Autodesk Copy Design 2021;Autodesk, Inc.;Product Design & Manufacturing Collection;Autodesk;95.5
Autodesk Copy Design 2022;Autodesk, Inc.;Product Design & Manufacturing Collection;Autodesk;95.5
Autodesk Inventor 2019 Professional;Autodesk, Inc.;Vault Professional;Autodesk;95.5
Autodesk Inventor 2021 Professional;Autodesk, Inc.;Vault Professional;Autodesk;95.5
Autodesk Inventor 2024 Professional;Autodesk, Inc.;Vault Professional;Autodesk;95.5
Autodesk Lighting Analysis 2024 for Revit;Autodesk, Inc.;AUTOCAD REVIT LT;Autodesk;95.5
Autodesk Lighting Analysis 2026 for Revit;Autodesk, Inc.;AUTOCAD REVIT LT;Autodesk;95.5
Autodesk Revit Issues Add-in 2021;Autodesk, Inc.;AUTOCAD REVIT LT;Autodesk;95.5
Autodesk Revit Issues Add-in 2025;Autodesk, Inc.;AUTOCAD REVIT LT;Autodesk;95.5
Autodesk Revit Issues Add-in 2026;Autodesk, Inc.;AUTOCAD REVIT LT;Autodesk;95.5
Autodesk Robot Structural Analysis 2019 Professional;Autodesk, Inc.;Vault Professional;Autodesk;95.5
Autodesk Robot Structural Analysis 2021 Professional;Autodesk, Inc.;Vault Professional;Autodesk;95.5
Autodesk Robot Structural Analysis 2024 Professional;Autodesk, Inc.;Vault Professional;Autodesk;95.5
Benchmark Factory for Databases 8.3;Quest Software;FOGLIGHT FOR SQL SERVER SQL PERFORMANCE INVESTIGATOR EDITION V13;Quest;95.5
Bentley OpenFlows SewerGEMS 10;Bentley Systems, Incorporated;SewerGEMS 5000 Pipes;Bentley Systems;95.5
Code Tester for Oracle 3.6;Quest Software;TOAD FOR SQL SERVER DEVELOPER EDITION V13;Quest;95.5
CYMGRD 7;CYME International;CymGrd Substation 7.0;CYME;95.5
CYMGRD 8;CYME International;CymGrd Substation 7.0;CYME;95.5
DDS 4;Adash;DDS ADASH;Adash;95.5
Easy-Mark 1;PANDUIT CORP;Easy-Mark Plus;Panduit;95.5
Financial Reporting Studio 11;Oracle;Oracle Hyperion Financial Data Quality Management;Oracle;95.5
Forma Add-In for Revit 0.9;Autodesk, Inc.;AUTOCAD REVIT LT;Autodesk;95.5
GeoMedia Desktop 2016;Intergraph Corporation;GEOMEDIA PROFESSIONAL CONCURRENTE;INTERGRAPH CORPORATION;95.5
IBM SPSS Modeler Client 18.2;IBM;IBM SPSS Modeler Client Professional (Concurrente);IBM;95.5
Intergraph License Administrator Tool 2014;Intergraph Corporation;GTECHNOLOGY / ADMINISTRATOR;INTERGRAPH CORPORATION;95.5
Java SE 11 (JDK) - LTS;Oracle;Oracle Hyperion Financial Management - HFM;Oracle;95.5
Java SE 11 (JRE) - LTS;Oracle;Oracle Hyperion Financial Management - HFM;Oracle;95.5
Leica Cyclone REGISTER 360 2024;Leica Geosystems AG;Leica Geo Office 8.3;Leica Geosystems AG;95.5
Leica Geosystems CLM Package 2;Leica Geosystems AG;Leica Geo Office 8.3;Leica Geosystems AG;95.5
Leica Infinity 4;Leica Geosystems AG;Wetransfer-leica infinity;Leica Geosystems AG;95.5
Microsoft BizTalk Server 2016 Enterprise;Microsoft Corporation;Microsoft SharePointSvr;Microsoft;95.5
Microsoft BizTalk Server 2020 Enterprise;Microsoft Corporation;Microsoft SharePointSvr;Microsoft;95.5
Microsoft Configuration Manager 2303 Client ML (Branch Release);Microsoft Corporation;Microsoft SharePointSvr;Microsoft;95.5
Microsoft Configuration Manager 2309 Client ML (Branch Release);Microsoft Corporation;Microsoft SharePointSvr;Microsoft;95.5
Microsoft Defender for Endpoint Advanced Threat Protection;Microsoft Corporation;Microsoft SharePointSvr;Microsoft;95.5
Microsoft Endpoint Configuration Manager 2203 Client ML (Branch Release);Microsoft Corporation;Microsoft SharePointSvr;Microsoft;95.5
Microsoft Host Integration Server 2020;Microsoft Corporation;Microsoft SharePointSvr;Microsoft;95.5
Microsoft Monitoring Agent 2019;Microsoft Corporation;Project Pro 2019;Microsoft Corporation;95.5
Microsoft Office 2013 Language Pack - Spanish;Microsoft Corporation;Microsoft SharePointSvr;Microsoft;95.5
Microsoft Office 2016 Access;Microsoft Corporation;Microsoft SQL Server 2005 Express Edition (SA);Microsoft;95.5
Microsoft Office 2016 Excel;Microsoft Corporation;Microsoft SQL Server 2005 Express Edition (SA);Microsoft;95.5
Microsoft Office 2016 Home and Business;Microsoft Corporation;Microsoft SharePointSvr;Microsoft;95.5
Microsoft Office 2016 OneNote;Microsoft Corporation;Microsoft SQL Server 2005 Express Edition (SA);Microsoft;95.5
Microsoft Office 2016 Outlook;Microsoft Corporation;Microsoft SQL Server 2005 Express Edition (SA);Microsoft;95.5
Microsoft Office 2016 PowerPoint;Microsoft Corporation;Microsoft Access 2010;Microsoft;95.5
Microsoft Office 2016 Project;Microsoft Corporation;Microsoft SQL Server 2005 Express Edition (SA);Microsoft;95.5
Microsoft Office 2016 Word;Microsoft Corporation;Microsoft SQL Server 2005 Express Edition (SA);Microsoft;95.5
Microsoft Office 2019 Home and Business;Microsoft Corporation;Microsoft SharePointSvr;Microsoft;95.5
Microsoft Office 97 Access;Microsoft Corporation;Microsoft SQL Server 2005 Express Edition (SA);Microsoft;95.5
Microsoft OneDrive for Business 2016;Microsoft Corporation;Microsoft SharePointSvr;Microsoft;95.5
Microsoft SQL Server 2008 Database Engine Services;Microsoft Corporation;Microsoft SharePointSvr;Microsoft;95.5
Microsoft SQL Server 2008 R2 Database Engine Services;Microsoft Corporation;Microsoft SharePointSvr;Microsoft;95.5
Microsoft SQL Server 2012 DM Add-Ins;Microsoft Corporation;Microsoft SharePointSvr;Microsoft;95.5
Microsoft SQL Server 2014 Analysis Services;Microsoft Corporation;Microsoft SharePointSvr;Microsoft;95.5
Microsoft SQL Server 2014 Database Engine Services;Microsoft Corporation;Microsoft SharePointSvr;Microsoft;95.5
Microsoft SQL Server 2014 Integration Services;Microsoft Corporation;Microsoft SharePointSvr;Microsoft;95.5
Microsoft SQL Server 2014 Reporting Services;Microsoft Corporation;Microsoft SharePointSvr;Microsoft;95.5
Microsoft SQL Server 2016 Database Engine Services;Microsoft Corporation;Microsoft SharePointSvr;Microsoft;95.5
Microsoft SQL Server 2019 Database Engine Services;Microsoft Corporation;Microsoft SharePointSvr;Microsoft;95.5
Microsoft SQL Server 2022 Database Engine Services;Microsoft Corporation;Microsoft SharePointSvr;Microsoft;95.5
Microsoft SQL Server 2022 Integration Services;Microsoft Corporation;Microsoft SharePointSvr;Microsoft;95.5
Microsoft SQL Server 2025 Database Engine Services;Microsoft Corporation;Microsoft SharePointSvr;Microsoft;95.5
Microsoft System Center Endpoint Protection 2012;Microsoft Corporation;Microsoft SharePointSvr;Microsoft;95.5
Microsoft Visio 2010 Premium;Microsoft Corporation;Microsoft SQL Server 2005 Express Edition (SA);Microsoft;95.5
Microsoft Visual Basic 6;Microsoft Corporation;Microsoft SQL Server 2005 Express Edition (SA);Microsoft;95.5
Microsoft Visual Basic 6 Professional Edition;Microsoft Corporation;Microsoft SharePointSvr;Microsoft;95.5
Microsoft Visual SourceSafe 6.0;Microsoft Corporation;Visual Studio Pro;Microsoft;95.5
midas Design+ 4;Midas IT Co.;MIDAS GEN;MIDAS;95.5
midas Design+ 5;Midas IT Co.;MIDAS GEN;MIDAS;95.5
Mindjet MindManager 8;Mindjet;MindManager X5;MINDJET;95.5
Miro 0.8;Miro;Plataforma MIRO;Miro;95.5
Miro 1.0;Miro;Plataforma MIRO;Miro;95.5
OMICRON Primary Test Manager 4;OMICRON;Test Universe;OMICRON;95.5
OMICRON Primary Test Manager 5;OMICRON;Test Universe;OMICRON;95.5
Oracle Business Intelligence Publisher 12;Oracle;Oracle HCM;ORACLE COLOMBIA LTDA.;95.5
Oracle Designer 6;Oracle;Oracle Database Standard Edition;Oracle;95.5
Oracle Hyperion Smart View 11 for Office Fusion;Oracle;Oracle Internet Developer Suite;Oracle;95.5
Oracle Java Mission Control;Oracle;Oracle Hyperion Financial Data Quality Management;Oracle;95.5
Quest SQL Optimizer for Oracle 9;Quest Software;FOGLIGHT FOR SQL SERVER SQL PERFORMANCE INVESTIGATOR EDITION V13;Quest;95.5
SAP BEx Web Application Designer 8;SAP AG;SAP GUI;SAP;95.5
SAP BusinessObjects Analysis 2 for Microsoft Office;SAP AG;SAP Analysis for Office (AFO);SAP;95.5
SAP Console 7.3;SAP AG;SAP Analysis for Office (AFO);SAP;95.5
SAP Data Services 14;SAP AG;SAP Disclosure Management (DM);SAP;95.5
SAP Data Services Designer Client 14;SAP AG;SAP GUI;SAP;95.5
SAP HANA Studio 2;SAP AG;SAP Analysis for Office (AFO);SAP;95.5
SAP MMC Snap-In 7;SAP AG;SAP Analysis for Office (AFO);SAP;95.5
SAP2000 v14;Computers and Structures Inc.;SAP2000 24 ADVANCED INTERNATIONAL STANDALONE;Computers and Structures INC;95.5
SAP2000 v17;Computers and Structures Inc.;SAP2000 24 ADVANCED INTERNATIONAL STANDALONE;Computers and Structures INC;95.5
SDDP 18;PSR;SDDP (MPODE);PSRI;95.5
Toad Data Modeler 7.2;Quest Software;TOAD FOR ORACLE DBA RAC EDITION V13;Quest;95.5
Toad for Oracle 13.3;Quest Software;TOAD FOR ORACLE DBA RAC EDITION V13;Quest;95.5
Toad for Oracle 13.3 Base;Quest Software;TOAD FOR SQL SERVER DEVELOPER EDITION V13;Quest;95.5
Toad for Oracle 13.3 DBA Suite;Quest Software;FOGLIGHT FOR SQL SERVER SQL PERFORMANCE INVESTIGATOR EDITION V13;Quest;95.5
Toad for Oracle 13.3 Xpert;Quest Software;TOAD FOR SQL SERVER DEVELOPER EDITION V13;Quest;95.5
Toad for Oracle Standard to Xpert Suite Additional Module;Quest Software;TOAD FOR ORACLE DBA RAC EDITION V13;Quest;95.5
Toad for SQL Server 6.5;Quest Software;TOAD FOR ORACLE DBA RAC EDITION V13;Quest;95.5
Trend Micro Apex One 14;Trend Micro;TREND MICRO - APEX ONE AS A SERVICE;Trend Micro;95.5
Trimble Feature Definition Manager 2;Trimble Inc.;Trimble Business Center;Trimble;95.5
Trimble SketchUp 2021;Trimble Inc.;SketchUp Pro;Trimble;95.5
Trimble SketchUp 2021 Pro;Trimble Inc.;SketchUp Pro;Trimble;95.5
Trimble SketchUp 2022 Pro;Trimble Inc.;SketchUp Pro;Trimble;95.5
Trimble SketchUp 2023 Pro;Trimble Inc.;SketchUp Pro;Trimble;95.5
Trimble SketchUp 2024 Pro;Trimble Inc.;SketchUp Pro;Trimble;95.5
Trimble SketchUp 2025 Pro;Trimble Inc.;SketchUp Pro;Trimble;95.5
Trimble SketchUp 2026 Pro;Trimble Inc.;SketchUp Pro;Trimble;95.5
TS-Microsoft Office 2013 Excel;Microsoft Corporation;Office 2010 Standard;Microsoft;95.5
TS-Microsoft Office 2016 Excel;Microsoft Corporation;Office 2010 Standard;Microsoft;95.5
TS-Microsoft Office 2016 OneNote;Microsoft Corporation;Office 2010 Standard;Microsoft;95.5
TS-Microsoft Office 2016 Outlook;Microsoft Corporation;Office 2010 Standard;Microsoft;95.5
TS-Microsoft Office 2016 PowerPoint;Microsoft Corporation;Office 2010 Standard;Microsoft;95.5
TS-Microsoft Office 2016 Word;Microsoft Corporation;Visio Pro 2016;Microsoft;95.5
TS-Microsoft Office 2024 OneNote;Microsoft Corporation;Office 2010 Standard;Microsoft;95.5
TS-Skype for Business 2016;Microsoft Corporation;Microsoft Skype for Business ServerPlus CAL;Microsoft;95.5
UiPath Assistant 2022;UiPath Inc;UiPath Unattended Robot Concurrent Runtime;UiPath SRL;95.5
UiPath Assistant 2023;UiPath Inc;UiPath Unattended Robot Concurrent Runtime;UiPath SRL;95.5
UiPath Assistant 2024;UiPath Inc;UiPath Unattended Robot Concurrent Runtime;UiPath SRL;95.5
UiPath Assistant 2025;UiPath Inc;UiPath Unattended Robot Concurrent Runtime;UiPath SRL;95.5
UiPath Assistant 2026;UiPath Inc;UiPath Unattended Robot Concurrent Runtime;UiPath SRL;95.5
UiPath LicenseTool 20;UiPath Inc;UiPath Unattended Robot Concurrent Runtime;UiPath SRL;95.5
UiPath LicenseTool 21;UiPath Inc;UiPath Unattended Robot Concurrent Runtime;UiPath SRL;95.5
UiPath LicenseTool 22;UiPath Inc;UiPath Unattended Robot Concurrent Runtime;UiPath SRL;95.5
UiPath LicenseTool 23;UiPath Inc;UiPath Unattended Robot Concurrent Runtime;UiPath SRL;95.5
UiPath LicenseTool 24;UiPath Inc;UiPath Unattended Robot Concurrent Runtime;UiPath SRL;95.5
UiPath LicenseTool 25;UiPath Inc;UiPath Unattended Robot Concurrent Runtime;UiPath SRL;95.5
UiPath LicenseTool 26;UiPath Inc;UiPath Unattended Robot Concurrent Runtime;UiPath SRL;95.5
UiPath Studio 2020;UiPath Inc;UiPath Orchestrator Standard;UiPath SRL;95.5
UiPath Studio 2021;UiPath Inc;UiPath Orchestrator Standard;UiPath SRL;95.5
UiPath Studio 2022;UiPath Inc;UiPath Orchestrator Standard;UiPath SRL;95.5
UiPath Studio 2023;UiPath Inc;UiPath Orchestrator Standard;UiPath SRL;95.5
UiPath Studio 2024;UiPath Inc;UiPath Orchestrator Standard;UiPath SRL;95.5
UiPath Studio 2025;UiPath Inc;UiPath Orchestrator Standard;UiPath SRL;95.5
UiPath Studio 2026;UiPath Inc;UiPath Orchestrator Standard;UiPath SRL;95.5
Windows 10 Enterprise;Microsoft Corporation;Microsoft Visual Studio Enterprise SA;Microsoft;95.5
Windows 10 Pro;Microsoft Corporation;Windows Remote Desktop Server CAL por Usuario;Microsoft;95.5
Windows 10 Pro for Workstations;Microsoft Corporation;Project Pro SA;Microsoft;95.5
Windows 11 Enterprise;Microsoft Corporation;Microsoft Visual Studio Enterprise SA;Microsoft;95.5
Windows 11 Pro;Microsoft Corporation;Windows Remote Desktop Server CAL por Usuario;Microsoft;95.5
Windows 11 Pro for Workstations;Microsoft Corporation;Project Pro SA;Microsoft;95.5
Windows 8.1 Pro;Microsoft Corporation;Windows Remote Desktop Server CAL por Usuario;Microsoft;95.5
CALegration 1;EMH;CALegration;MTE/EMH;95.4
HIPS and SIPS 11;CARIS;CARIS HIPS and SIPS;Teledyne Caris;95.4
HIPS and SIPS 12;CARIS;CARIS HIPS and SIPS;Teledyne Caris;95.4
ArchiCAD 24;Graphisoft;Archicad;Desconocido;95.0
ArchiCAD 25;Graphisoft;Archicad;Desconocido;95.0
ArchiCAD 26;Graphisoft;Archicad;Desconocido;95.0
ArchiCAD 27;Graphisoft;Archicad;Desconocido;95.0
ArchiCAD 28;Graphisoft;Archicad;Desconocido;95.0
ArchiCAD 29;Graphisoft;Archicad;Desconocido;95.0
Autodesk 3ds Max 2021;Autodesk, Inc.;Autodesk 3ds Max;Desconocido;95.0
Autodesk 3ds Max 2022;Autodesk, Inc.;Autodesk 3ds Max;Desconocido;95.0
Autodesk 3ds Max 2024;Autodesk, Inc.;Autodesk 3ds Max;Desconocido;95.0
Autodesk Revit 2018;Autodesk, Inc.;Autodesk Revit;Desconocido;95.0
Autodesk Revit 2021;Autodesk, Inc.;Autodesk Revit;Desconocido;95.0
Autodesk Revit 2024;Autodesk, Inc.;Autodesk Revit;Desconocido;95.0
Canva 1;Canva Pty Ltd;Canva;Microdyne;95.0
DigiPro 2;Soil Instruments;DigiPro;Business Objects;95.0
DIgSILENT PowerFactory 2019;DIgSILENT GmbH;DIgSILENT PowerFactory;Desconocido;95.0
DIgSILENT PowerFactory 2021;DIgSILENT GmbH;DIgSILENT PowerFactory;Desconocido;95.0
DIgSILENT PowerFactory 2022;DIgSILENT GmbH;DIgSILENT PowerFactory;Desconocido;95.0
DIgSILENT PowerFactory 2023;DIgSILENT GmbH;DIgSILENT PowerFactory;Desconocido;95.0
DIgSILENT PowerFactory 2024;DIgSILENT GmbH;DIgSILENT PowerFactory;Desconocido;95.0
DIgSILENT PowerFactory 2025;DIgSILENT GmbH;DIgSILENT PowerFactory;Desconocido;95.0
EViews 9;IHS Markit;EViews;Desconocido;95.0
HOMER Pro 3;HOMER Energy LLC;Homer Pro;Desconocido;95.0
Hyena 7;SystemTools Software Inc;Hyena;SAP;95.0
Lumion 8;Act-3D B.V;Lumion;LUMION;95.0
McAfee Agent 5.0;McAfee LLC;McAfee Agent;Desconocido;95.0
MEGA HOPEX 2;MEGA International;MEGA HOPEX;Desconocido;95.0
MiniTab 17;Minitab, LLC.;MINITAB;Six Sigma;95.0
PolyWorks 18;InnovMetric Software;Polyworks;IMOCOM S.A.S.;95.0
PVsyst 8;PVsyst SA;PVsyst;Business Objects;95.0
Qimera 2;Quality Positioning Services B.V.;Qimera;QPS;95.0
QlikView 11;QlikTech AB;QlikView;QLIK;95.0
QlikView 12;QlikTech AB;QlikView;QLIK;95.0
Radwin 4;Halma Water Management;Radwin;Fluidis;95.0
SampleManager 12;Thermo Fisher Scientific Inc;SampleManager;ThermoFisher;95.0
SampleManager 21;Thermo Fisher Scientific Inc;SampleManager;ThermoFisher;95.0
TurboFTP 6;TurboSoft;TurboFTP;Adobe Inc.;95.0
WTViewer 8;Yokogawa Electric Corporation;WTVIEWER;KEITHLEY;95.0
Sheridan Data Widgets 3;Sheridan Software Systems;Sheridan Data Widgets 3.11;Desconocido;93.9
STATGRAPHICS Centurion 19;StatPoint, Inc.;Statgraphics Centurion XV;STATRAPHICS;93.6
SEL SynchroWAVe Event 1;Schweitzer Engineering Labs, inc;SEL-5601-2 Synchrowave Event;Schweitzer Engineering Laboratories Inc;92.4
TS-SafeNet Authentication Client 8;SafeNet, Inc.;SafeNet Authentication Client;Adobe Inc.;92.1
TS-SafeNet Authentication Client 10;SafeNet, Inc.;SafeNet Authentication Client;Adobe Inc.;90.6
AcSELerator Architect 1;Schweitzer Engineering Labs, inc;ERA;Desconocido;90.0
AcSELerator Architect 2;Schweitzer Engineering Labs, inc;ERA;Desconocido;90.0
AcSELerator Quickset 6;Schweitzer Engineering Labs, inc;ERA;Desconocido;90.0
AcSELerator Quickset 7;Schweitzer Engineering Labs, inc;ERA;Desconocido;90.0
ADJUST FRAME CAMERA 10;ESRI;ERA;Desconocido;90.0
ADJUST FRAME CAMERA 16;ESRI;ERA;Desconocido;90.0
Adobe Photoshop CS Portable 6;Portablesoft.org;Adobe Photoshop CS;Adobe Inc.;90.0
Autodesk Vehicle Tracking 2020;Autodesk, Inc.;Tracking;ISS;90.0
Autodesk Vehicle Tracking 2021;Autodesk, Inc.;Tracking;ISS;90.0
Autodesk Vehicle Tracking 2022;Autodesk, Inc.;Tracking;ISS;90.0
Autodesk Vehicle Tracking 2024;Autodesk, Inc.;Tracking;ISS;90.0
Bentley HAMMER 2024;Bentley Systems, Incorporated;HAMMER;Desconocido;90.0
Bentley HAMMER V8i;Bentley Systems, Incorporated;HAMMER;Desconocido;90.0
Bentley MicroStation 2024;Bentley Systems, Incorporated;MicroStation;Desconocido;90.0
Bentley Microstation Connect 10;Bentley Systems, Incorporated;MicroStation;Desconocido;90.0
Bentley ProjectWise Drive 2024;Bentley Systems, Incorporated;E Drive;Adobe Inc.;90.0
Bentley ProjectWise Drive 2025;Bentley Systems, Incorporated;E Drive;Adobe Inc.;90.0
Bentley WaterGEMS 10 Connect;Bentley Systems, Incorporated;WaterGEMS;Desconocido;90.0
Bentley WaterGEMS 2024;Bentley Systems, Incorporated;WaterGEMS;Desconocido;90.0
BioWin 6.2;EnviroSim;BIOWIN;Enviro Sim Associates LTD.;90.0
Carlson 2023 With AutoCAD 2019;Carlson Software;AutoCAD;Desconocido;90.0
Fluke SmartView 4;Fluke Corporation;SmartView;IBM;90.0
FME Workbench 2022;Safe Software Inc.;kBench;Integrar Automatica SAS;90.0
Gexagon Geospatial Producer Suite;Hexagon Geospatial;Produce;Desconocido;90.0
GlobalProtect 6.1;Palo Alto Networks;LPR;ISS;90.0
GlobalProtect 6.2;Palo Alto Networks;LPR;ISS;90.0
Lumion 12;Act-3D B.V;Lumion;LUMION;90.0
Lumion 2024;Act-3D B.V;Lumion;LUMION;90.0
Lumion 2025;Act-3D B.V;Lumion;LUMION;90.0
PDF-XChange (part of Mindmanager 8) 3 Standard;Tracker Software Products;MindManager 8;Adobe Inc.;90.0
PolyWorks Metrology Suite 2018;InnovMetric Software;Polyworks;IMOCOM S.A.S.;90.0
PolyWorks Modeler 2018;InnovMetric Software;Polyworks;IMOCOM S.A.S.;90.0
QlikView 12 Plugin;QlikTech AB;QlikView;QLIK;90.0
Radwin 4 Lite;Halma Water Management;Radwin;Fluidis;90.0
RADWIN Manager 10;RADWIN;Radwin;Fluidis;90.0
S&P Global EViews 13;S&P Global;EViews;Desconocido;90.0
SEL-5010 Relay Assistant 4;Schweitzer Engineering Labs, inc;SEL-5010;SEL;90.0
Teradata CLIv2 v20;Teradata Corporation;ERA;Desconocido;90.0
Teradata Studio;Teradata Corporation;ERA;Desconocido;90.0
Trend Micro Cloud One Endpoint Security;Trend Micro;TREND MICRO;Desconocido;90.0
Trend Micro Endpoint Basecamp 1;Trend Micro;TREND MICRO;Desconocido;90.0
Trend Micro Endpoint Sensor 3.5;Trend Micro;TREND MICRO;Desconocido;90.0
TURBNPRO KC4 v1;Hydro Info Systems;TurbnPro;ServiSoft S.A.;90.0
UgCS 4;SPH Engineering;UGCS;UGCS;90.0
UgCS 5;SPH Engineering;UGCS;UGCS;90.0
V-Ray 7 for SketchUp;Chaos Software GmbH;V-Ray;ServiSoft S.A.;90.0
Wondershare Filmora 12;Wondershare;Filmora;SOFTWARE SHOP;90.0
Wondershare Filmora 13;Wondershare;Filmora;SOFTWARE SHOP;90.0
Wondershare Filmora 14 (Mac);Wondershare;Filmora;SOFTWARE SHOP;90.0
Wondershare Filmora 15;Wondershare;Filmora;SOFTWARE SHOP;90.0
Statistics and Machine Learning Toolbox 2025b;The MathWorks;Modulo Statistics and Machine Learning Toolbox del software MATLAB;Desconocido;88.2
GPS-X 5;Hydromantis Environmental Software Solutions, Inc;GPS-X 5.0;Trimble;87.5
Frontier Analyst 4;Banxia Software Ltd.;Frontier Analyst Professional 3;Adobe Inc.;87.4
@RISK 8.3;Palisade;Leica Geo Office 8.3;Leica Geosystems AG;85.5
3D Viewer 2;J. Morita Corporation;Edraw Office Viewer Component;Desconocido;85.5
3DxNlServer 1;3Dconnexion;Defender for O365 Plan 1 SubVL Per User;CONTROLES EMPRESARIALES LTDA;85.5
Abutment 2022;Fine Ltd.;DDS 2022;Adash;85.5
AccuGrade 10;Caterpillar;Adobe Captivate 10;Adobe Inc.;85.5
AccuGrade 6;Caterpillar;Adobe Creative Suite 6 Master Collection;Desconocido;85.5
ACDSee 2;ACD Systems;SPECTRUN OBEY 2;Adobe Inc.;85.5
AD Info 1;Cjwdev;Defender for O365 Plan 1 SubVL Per User;CONTROLES EMPRESARIALES LTDA;85.5
ADMO 4;Omicron Syntax Data AB;Adobe Creative Suite 4 Master Collection;Adobe Inc.;85.5
ADMO 5;Omicron Syntax Data AB;Adobe Captivate 5;Adobe Inc.;85.5
Agisoft Viewer 1;Agisoft;Edraw Office Viewer Component;Desconocido;85.5
AGU-Vallen Wavelet 2022;Vallen Systeme GmbH;DDS 2022;Adash;85.5
AIMMS 4;AIMMS;Adobe Creative Suite 4 Master Collection;Adobe Inc.;85.5
Airtime 1;mmhmm inc.;Defender for O365 Plan 1 SubVL Per User;CONTROLES EMPRESARIALES LTDA;85.5
Align 1;BIM 42;Defender for O365 Plan 1 SubVL Per User;CONTROLES EMPRESARIALES LTDA;85.5
Allievi 3;ITA;Adobe Creative Suite 3 Master Collection;Adobe Inc.;85.5
ALPHASET 3;ELSTER Messtechnik GmbH;Adobe Creative Suite 3 Master Collection;Adobe Inc.;85.5
Anaconda 2019;Anaconda Inc;Adobe Captivate 2019;ADOBE SYSTEMS INCORPORATED;85.5
Anaconda 2022;Anaconda Inc;DDS 2022;Adash;85.5
AnyDesk 6;AnyDesk Software GmbH;Adobe Creative Suite 6 Master Collection;Desconocido;85.5
AnyDesk 7;AnyDesk Software GmbH;Windows 7 Professional;Desconocido;85.5
AnyDesk 8;AnyDesk Software GmbH;Macromedia Dreamweaver 8;ADOBE SYSTEMS INCORPORATED;85.5
AnyDesk 9;AnyDesk Software GmbH;Adobe Acrobat 9 Pro;Adobe Inc.;85.5
ApowerMirror 1;Apowersoft.com;Defender for O365 Plan 1 SubVL Per User;CONTROLES EMPRESARIALES LTDA;85.5
ATPDraw 5;Hans Kristian Høidalen, NTNU-Norway;Adobe Captivate 5;Adobe Inc.;85.5
ATPDraw 6;Hans Kristian Høidalen, NTNU-Norway;Adobe Creative Suite 6 Master Collection;Desconocido;85.5
AuraPortal Helium modeler 1;AuraPortal;IBM SPSS Modeler Client Professional (Concurrente);IBM;85.5
Autodesk Data Connector for Power BI v2;Autodesk, Inc.;ArcGIS for Desktop Advance;ESRI COLOMBIA S.A.S.;85.5
Autodesk Formit v21;Autodesk, Inc.;Autodesk Product Design Suite;Desconocido;85.5
Autodesk Formit v24;Autodesk, Inc.;Autodesk Product Design Suite;Desconocido;85.5
Autodesk Fusion 360;Autodesk, Inc.;Autodesk Product Design Suite;Desconocido;85.5
Autodesk InfraWorks 2021;Autodesk, Inc.;Autodesk AutoCAD;Desconocido;85.5
Autodesk InfraWorks 2022;Autodesk, Inc.;Autodesk AutoCAD;Desconocido;85.5
Autodesk InfraWorks 2024;Autodesk, Inc.;Autodesk AutoCAD;Desconocido;85.5
Autodesk Inventor Nastran 2020;Autodesk, Inc.;Autodesk AutoCAD;Desconocido;85.5
Autodesk Inventor Nastran 2022;Autodesk, Inc.;Autodesk AutoCAD;Desconocido;85.5
Autodesk Inventor Nastran 2024;Autodesk, Inc.;Autodesk AutoCAD;Desconocido;85.5
Autodesk Nastran 2018;Autodesk, Inc.;Autodesk Infrastructure Map Server;Desconocido;85.5
Autodesk Navisworks Exporters 2022;Autodesk, Inc.;Autodesk AutoCAD;Desconocido;85.5
Autodesk NavisWorks Manage 2019;Autodesk, Inc.;Autodesk AutoCAD;Desconocido;85.5
Autodesk NavisWorks Manage 2021;Autodesk, Inc.;Autodesk AutoCAD;Desconocido;85.5
Autodesk NavisWorks Manage 2022;Autodesk, Inc.;Autodesk AutoCAD;Desconocido;85.5
Autodesk NavisWorks Manage 2024;Autodesk, Inc.;Autodesk AutoCAD;Desconocido;85.5
Autodesk ReCap 2019 Pro;Autodesk, Inc.;Vegas Pro;Desconocido;85.5
Autodesk ReCap 2019 Pro Standalone License;Autodesk, Inc.;Microsoft Dynamics CRM Pro;Desconocido;85.5
Autodesk ReCap 2021 Pro;Autodesk, Inc.;Vegas Pro;Desconocido;85.5
Autodesk ReCap 2023 Pro;Autodesk, Inc.;Vegas Pro;Desconocido;85.5
Autodesk ReCap 2024 Pro;Autodesk, Inc.;Vegas Pro;Desconocido;85.5
Bandicam Screen Recorder 4;Bandicam Company;Adobe Creative Suite 4 Master Collection;Adobe Inc.;85.5
BCF Manager 7.1 for Navisworks;KUBUS BV;Toad for Oracle 11.5;Desconocido;85.5
Benthic Golden 5;Benthic Software;Adobe Creative Suite 5 Master Collection;Adobe Inc.;85.5
Benthic Golden 7;Benthic Software;Microsoft Windows 7 PRO 32-BIT Spanish 1PK DSP OEI 64 DVD NP;Desconocido;85.5
Bentley DGNindex Options Windows 10.00;Bentley Systems, Incorporated;Windows 7 Professional;Desconocido;85.5
Bentley LumenRT Connect Edition;Bentley Systems, Incorporated;Microsoft BizTalk Server 2013 R2 Enterprise Edition;Desconocido;85.5
Bentley OpenFlows Water Standard 2024;Bentley Systems, Incorporated;Adobe Acrobat 8 Standard;Adobe Inc.;85.5
Bentley RAM Connection 13;Bentley Systems, Incorporated;EViews 13;QMS;85.5
Bentley RAM Connection 24;Bentley Systems, Incorporated;SAP2000 24 ADVANCED INTERNATIONAL STANDALONE;Computers and Structures INC;85.5
Bentley View 10 Connect Edition;Bentley Systems, Incorporated;Microsoft BizTalk Server 2013 R2 Enterprise Edition;Desconocido;85.5
Bentley WaterCAD 24;Bentley Systems, Incorporated;SAP2000 24 ADVANCED INTERNATIONAL STANDALONE;Computers and Structures INC;85.5
BIM 360 (Cloud);Autodesk, Inc.;Scala 360;XEGMENTA S.A.S;85.5
BMC AppSight Black Box 7.5;BMC Software, Inc.;TOOL BOX;Desconocido;85.5
BMC Client Management - Master Server 12.6;BMC Software, Inc.;McAfee Server Security;Desconocido;85.5
Burp Suite 2025 Professional;PortSwigger Ltd.;DecisionTools Suite Profesional-Standalone;Palisade;85.5
Bypass Skyhigh 4;Skyhigh Security;Adobe Creative Suite 4 Master Collection;Adobe Inc.;85.5
Cantilever Wall 2022;Fine Ltd.;DDS 2022;Adash;85.5
CCleaner 6;Piriform Software Ltd;Adobe Creative Suite 6 Master Collection;Desconocido;85.5
CHC Geomatics Office 2;CHC NAV;Microsoft Office Professional Plus 2013;Desconocido;85.5
Check Point Endpoint Connect 98 (Mac);Checkpoint Systems, Inc;IED Connect;Adobe Inc.;85.5
Check Point Full Disk Encryption 86;Check Point Software Technologies Ltd.;DC-CAD3 FULL;DISENO DE SOLUCIONES;85.5
CIMCO Edit 5;CIMCO A/S;Adobe Creative Suite 5 Master Collection;Adobe Inc.;85.5
Cisco AnyConnect Secure Mobility Client 4;Cisco Systems, Inc.;Cisco Systems VPN Client;Desconocido;85.5
Cisco AnyConnect Secure Mobility Client 5;Cisco Systems, Inc.;Cisco Systems VPN Client;Desconocido;85.5
Cisco AnyConnect Umbrella Diagnostic Tool 5.1;Cisco Systems, Inc.;Cisco Systems VPN Client;Desconocido;85.5
Cisco Packet Tracer 7;Cisco Systems, Inc.;Microsoft Windows 7 PRO 32-BIT Spanish 1PK DSP OEI 64 DVD NP;Desconocido;85.5
Cisco Packet Tracer 8;Cisco Systems, Inc.;MindManager 8;Adobe Inc.;85.5
Citrix Analytics 22;Citrix Systems, Inc.;Citrix XenApp (Presentation Server) Advanced User;Desconocido;85.5
Civil Table Tools 1.0;DotSoft;Decision Tools Industrial Standalone;Desconocido;85.5
CleverPDF 3;CleverPDF;Adobe Creative Suite 3 Master Collection;Adobe Inc.;85.5
ClickShare 1;Barco N.V.;Defender for O365 Plan 1 SubVL Per User;CONTROLES EMPRESARIALES LTDA;85.5
ClickShare 4;Barco N.V.;Adobe Creative Suite 4 Master Collection;Adobe Inc.;85.5
CodeMeter 5;Wibu Systems;Adobe Captivate 5;Adobe Inc.;85.5
CodeMeter 6;Wibu Systems;Adobe Creative Suite 6 Master Collection;Desconocido;85.5
CodeMeter 7;Wibu Systems;Windows 7 Professional;Desconocido;85.5
CodeMeter 8;Wibu Systems;Macromedia Dreamweaver 8;ADOBE SYSTEMS INCORPORATED;85.5
ColdFormed Steel Design 14;RSG Engineering Ltd;G Design Studio;ServiSoft S.A.;85.5
COMSOL CAD Import Module 6.1;COMSOL AB;Arcserve Backup for Windows File Server Module;Desconocido;85.5
COMSOL Compiler 6;COMSOL INC.;Adobe Creative Suite 6 Master Collection;Desconocido;85.5
Comsol Desktop 6;COMSOL AB;ArcGIS for Desktop Advance;ESRI COLOMBIA S.A.S.;85.5
ConfIML 7;Windmill Software Ltd;Windows 7 Professional;Desconocido;85.5
Confluent Cloud CLI 1;Confluent;Deep Freeze Cloud Subscription License;Desconocido;85.5
Control and Management Software 2.7;NOJA Power Switchgear Pty Ltd;VersaPro Software;Redes Electricas S.A;85.5
Control and Management Software 3.16;NOJA Power Switchgear Pty Ltd;VersaPro Software;Redes Electricas S.A;85.5
Control System Toolbox 2025b;The MathWorks;System Center Configuration Manager Server;Microsoft;85.5
Convert To Rinex 3;Trimble Inc.;Adobe Creative Suite 3 Master Collection;Adobe Inc.;85.5
Coordinate System Manager 3.8;Trimble Inc.;Identity Manager;Microsoft;85.5
Coordinate System Manager 3.9;Trimble Inc.;Identity Manager;Microsoft;85.5
Coordinate System Manager 4.0;Trimble Inc.;Identity Manager;Microsoft;85.5
CPU, Disk, Memory Performance Monitoring 2018;Nimsoft Corporation;Power Monitoring Expert;Schneider Electric;85.5
CRBasic editor 3;Campbell Scientific, Inc.;Adobe Creative Suite 3 Master Collection;Adobe Inc.;85.5
Cricut Design Space Desktop 8;Cricut;G Design Studio;ServiSoft S.A.;85.5
CSET 12;CISA;CorelDRAW Graphics Suite 12;CorelDRAW;85.5
Cursor 1;Anysphere;Defender for O365 Plan 1 SubVL Per User;CONTROLES EMPRESARIALES LTDA;85.5
Cursor 2;Anysphere;SPECTRUN OBEY 2;Adobe Inc.;85.5
Curve Fitting Toolbox 2025b;The MathWorks;MATLAB con los módulos Image Processing Toolbox y Mapping ToolBox;Desconocido;85.5
CYME Energy Profiles Manager 1;CYME International;Identity Manager;Microsoft;85.5
CYME License Manager 1;CYME International;System Center Configuration Manager;Desconocido;85.5
CYME License Manager 3;CYME International;System Center Configuration Manager;Desconocido;85.5
CYME Power Engineering Software 5;Eaton;VersaPro Software;Redes Electricas S.A;85.5
CYME Power Engineering Software 9;Eaton;Adobe Acrobat 9 Pro;Adobe Inc.;85.5
Disk Drill Media Recovery 6 (Mac);CleverFiles;Adobe Captivate 6;Adobe Inc.;85.5
DJI Assistant 2 Enterprise;DJI;Microsoft BizTalk Server 2013 R2 Enterprise Edition;Desconocido;85.5
DJI Terra 3;DJI;Adobe Creative Suite 3 Master Collection;Adobe Inc.;85.5
Dotfuscator 6 Professional Edition;PreEmptive Solutions;Windows 7 Professional;Desconocido;85.5
DSP System Toolbox 2025b;The MathWorks;System Center Configuration Manager CAL;Microsoft;85.5
DTA 6 Pro;Doble Engineering Company;Microsoft Dynamics CRM Pro;Desconocido;85.5
Duo Desktop 7;Cisco Systems, Inc.;Windows 7 Professional;Desconocido;85.5
Duolingo English Test 3;Duolingo;TEST HARNESS;ServiSoft S.A.;85.5
EAGLE 7;CadSoft;Windows 7 Professional;Desconocido;85.5
EaseUS Todo Backup 5;EaseUS Software;Adobe Creative Suite 5 Master Collection;Adobe Inc.;85.5
Easy Media Creator 10 Business;Roxio;Lumion 10 Pro;Desconocido;85.5
EASYCAL 4;BRAND GMBH;Adobe Creative Suite 4 Master Collection;Adobe Inc.;85.5
EasyMorph 1;EasyMorph;Defender for O365 Plan 1 SubVL Per User;CONTROLES EMPRESARIALES LTDA;85.5
EasyMorph 5;EasyMorph;Adobe Captivate 5;Adobe Inc.;85.5
eBUS Player 4;Pleora Technologies Inc;Adobe Creative Suite 4 Master Collection;Adobe Inc.;85.5
Ecodial Advanced Calculation 4;Schneider Electric;Citrix XenApp (Presentation Server) Advanced User;Desconocido;85.5
Ecodial Advanced Calculation 5;Schneider Electric;Citrix XenApp (Presentation Server) Advanced User;Desconocido;85.5
EES 7;F-Chart Software, LLC.;Windows 7 Professional;Desconocido;85.5
EmEditor 24;Emurasoft;SAP2000 24 ADVANCED INTERNATIONAL STANDALONE;Computers and Structures INC;85.5
EPM Automate 1;Oracle;Defender for O365 Plan 1 SubVL Per User;CONTROLES EMPRESARIALES LTDA;85.5
EPRI OpenDSS 8;EPRI;Macromedia Dreamweaver 8;ADOBE SYSTEMS INCORPORATED;85.5
Epson ScanSmart 3 (Mac);EPSON;Adobe Creative Suite 3 Master Collection;Adobe Inc.;85.5
EVEREST 5 Ultimate;Lavalys;Adobe Creative Suite 5 Master Collection;Adobe Inc.;85.5
Evolver 8;Lumivero;Macromedia Dreamweaver 8;ADOBE SYSTEMS INCORPORATED;85.5
Excel Password Recovery Master 4;Rixler Software;iQ+ Master Station;Desconocido;85.5
exe4j 9;ej-technologies GmbH;Adobe Acrobat 9 Pro;Adobe Inc.;85.5
Express Zip 11 Plus;NCH Software;Microsoft Office Professional Plus 2013;Desconocido;85.5
Extron Room Agent 2;Extron Electronics;McAfee Agent;Desconocido;85.5
f.lux 4;Flux Software;Adobe Creative Suite 4 Master Collection;Adobe Inc.;85.5
FastObjects .NET Server 10;Versant Corporation;Microsoft BizTalk Server 2013 R2 Enterprise Edition;Desconocido;85.5
FastStone ImageViewer 7;FastStone;Microsoft Windows 7 PRO 32-BIT Spanish 1PK DSP OEI 64 DVD NP;Desconocido;85.5
Field Manager 1;Eagle Research Corp;CA- Service Desk Manager;Desconocido;85.5
FireEye Agent 36;FireEye Inc.;Trend Micro Deep Security Agent;Trend Micro;85.5
FLIR Video Player 1;FLIR Systems, Inc.;FLIR Tools;Desconocido;85.5
FlukeView Forms 3;Fluke Corporation;Adobe Creative Suite 3 Master Collection;Adobe Inc.;85.5
FlukeView Forms Designer 3;Fluke Corporation;Adobe Creative Suite 3 Master Collection;Adobe Inc.;85.5
FlukeView ScopeMeter 5;Fluke Corporation;Adobe Creative Suite 5 Master Collection;Adobe Inc.;85.5
FME 2025 Form;Safe Software Inc.;Form 5 Interface Software;Adobe Inc.;85.5
FME Data Inspector 2022;Safe Software Inc.;Oracle Hyperion Financial Data Quality Management;Oracle;85.5
FMEObjects Worker 2022;Safe Software Inc.;DDS 2022;Adash;85.5
FortiClient 5;Fortinet, Inc.;Adobe Creative Suite 5 Master Collection;Adobe Inc.;85.5
FortiClient 6;Fortinet, Inc.;Adobe Creative Suite 6 Master Collection;Desconocido;85.5
FortiClient 7;Fortinet, Inc.;Windows 7 Professional;Desconocido;85.5
Fortify Static Code Analyzer 24.4 Community Edition;Open Text Corporation;Oracle Database Standard Edition;Oracle;85.5
Foxit PhantomPDF Suite 2;Foxit Software Incorporated;Adobe Creative Suite 6 Master Collection;Desconocido;85.5
Freemake Video Converter 2;Freemake;SPECTRUN OBEY 2;Adobe Inc.;85.5
Freemake Video Converter 4;Freemake;Adobe Creative Suite 4 Master Collection;Adobe Inc.;85.5
FreeWave Tool Suite 2;FreeWave Technologies;Adobe Creative Suite 6 Master Collection;Desconocido;85.5
FTK Imager 4;Exterro;Adobe Creative Suite 4 Master Collection;Adobe Inc.;85.5
Fuzzy Logic Toolbox 2025b;The MathWorks;MATLAB con los módulos Image Processing Toolbox y Mapping ToolBox;Desconocido;85.5
GAMS Studio 1.1;GAMS Development;Expression Studio Ultimate;Desconocido;85.5
GeoRadar GRED HD 1;IDS GeoRadar;GRED HD (GPR Data Post Procesing);Desconocido;85.5
Global Optimization Toolbox 2025b;The MathWorks;Global Mapper;Blue Marble Geographics;85.5
Gold Finger 8;Paramount Defenses Inc.;Macromedia Dreamweaver 8;ADOBE SYSTEMS INCORPORATED;85.5
GoodSync 12;Siber Systems Inc;CorelDRAW Graphics Suite 12;CorelDRAW;85.5
Graphics Server 5;Ringdale UK;Microsoft BizTalk Server 2013 R2 Enterprise Edition;Desconocido;85.5
Graphics Server 6;Graphics Server Technologies;Microsoft BizTalk Server 2013 R2 Enterprise Edition;Desconocido;85.5
GRAPHISOFT BIMx 2022;Graphisoft;DDS 2022;Adash;85.5
Gravity Wall 2022;Fine Ltd.;DDS 2022;Adash;85.5
Gurobi Optimizer 11;Gurobi Optimization;EViews 11;Desconocido;85.5
Hard Disk Sentinel 6;H.D.S. Hungary;Adobe Creative Suite 6 Master Collection;Desconocido;85.5
HDPsyChart 6;Hands Down Software;Adobe Creative Suite 6 Master Collection;Desconocido;85.5
HEC-HMS 4;Hydrologic Engineering Center;Adobe Creative Suite 4 Master Collection;Adobe Inc.;85.5
HikCentral Professional 3.0;Hangzhou Hikvision Digital Technology;Microsoft Visual Studio Professional 2013;MICROSOFT;85.5
HitPaw VikPea 5 (Mac);HitPaw Software;Adobe Creative Suite 5 Master Collection;Adobe Inc.;85.5
Hot Alarm Clock 6;Comfort Software Group;Adobe Creative Suite 6 Master Collection;Desconocido;85.5
HP MyRoom 12;Hewlett-Packard;CorelDRAW Graphics Suite 12;CorelDRAW;85.5
HP Sure Click 4;Hewlett-Packard;Adobe Creative Suite 4 Master Collection;Adobe Inc.;85.5
HP TechPulse 3;Hewlett-Packard;Adobe Creative Suite 3 Master Collection;Adobe Inc.;85.5
Hydrolab Operating Software 1;OTT HydroMet;VersaPro Software;Redes Electricas S.A;85.5
HyperTerminal Private Edition 7;Hilgraeve, Inc.;Microsoft BizTalk Server 2013 R2 Enterprise Edition;Desconocido;85.5
IDEA 23;CaseWare International Inc.;Archicad 23;Desconocido;85.5
IDEA StatiCa Beam 23;IDEA StatiCa;Archicad 23;Desconocido;85.5
IDEA StatiCa Connection 23;IDEA StatiCa;Archicad 23;Desconocido;85.5
IDEA StatiCa Detail 23;IDEA StatiCa;Archicad 23;Desconocido;85.5
IDEA StatiCa Member 23;IDEA RS;Archicad 23;Desconocido;85.5
IE Tab 17;Blackfish Software;SPRUTCAM X 17 - Robot;SprutCAM Tech;85.5
IEDScout 5;OMICRON;Adobe Captivate 5;Adobe Inc.;85.5
Intel DPC++ Compatibility Tool 2023;Intel Corporation;TOOL BOX;Desconocido;85.5
Intel oneAPI HPC Toolkit High-Performance Computing 2023;Intel Corporation;Adobe Suid Cloud Computing;Desconocido;85.5
Intel Visual Fortran Composer XE 2021;Intel Corporation;Microsoft Visual Studio;Desconocido;85.5
Intergraph G/Technology 9;Intergraph Corporation;Hyperion System 9 Strategic Finance - Named Interactive User Perpetual;Oracle;85.5
Internet Download Manager 6;Tonec, Inc.;Identity Manager;Microsoft;85.5
Intralinks Designer 5;Intralinks, Inc;Adobe Creative Suite 5 Master Collection;Adobe Inc.;85.5
IrfanView 4;Irfan Skiljan;Adobe Creative Suite 4 Master Collection;Adobe Inc.;85.5
iTop Easy Desktop 2;iTop Inc.;Microsoft Windows Remote Desktop Server;Desconocido;85.5
iTop Easy Desktop 3;iTop Inc.;Adobe Creative Suite 3 Master Collection;Adobe Inc.;85.5
Itron MV-90 xi 6;Itron;Adobe Creative Suite 6 Master Collection;Desconocido;85.5
Itron MV-90 xi 7;Itron;Microsoft Windows 7 PRO 32-BIT Spanish 1PK DSP OEI 64 DVD NP;Desconocido;85.5
ITS Lite 2;BAUR GmbH;SPECTRUN OBEY 2;Adobe Inc.;85.5
IWS EPI Builder 6;ImageWare Systems. Inc.;Adobe Creative Suite 6 Master Collection;Desconocido;85.5
Java SE 17 (JDK) (License Required);Oracle;SPRUTCAM X 17 - Robot;SprutCAM Tech;85.5
Java SE 8 (JDK) Update 341;Oracle;MindManager 8;Adobe Inc.;85.5
Java SE 8 (JDK) Update 351;Oracle;MindManager 8;Adobe Inc.;85.5
Java SE 8 (JDK) Update 51 + (JMC);Oracle;Microsoft Windows 8;Desconocido;85.5
Java SE 8 (JRE) Update 241;Oracle;MindManager 8;Adobe Inc.;85.5
Java SE 8 (JRE) Update 281;Oracle;MindManager 8;Adobe Inc.;85.5
Java SE 8 (JRE) Update 291;Oracle;MindManager 8;Adobe Inc.;85.5
Java SE 8 (JRE) Update 311;Oracle;MindManager 8;Adobe Inc.;85.5
Java SE 8 (JRE) Update 321;Oracle;MindManager 8;Adobe Inc.;85.5
Java SE 8 (JRE) Update 333;Oracle;MindManager 8;Adobe Inc.;85.5
Java SE 8 (JRE) Update 341;Oracle;MindManager 8;Adobe Inc.;85.5
Java SE 8 (JRE) Update 351;Oracle;MindManager 8;Adobe Inc.;85.5
Java SE 8 (JRE) Update 361;Oracle;MindManager 8;Adobe Inc.;85.5
Java SE 8 (JRE) Update 421;Oracle;MindManager 8;Adobe Inc.;85.5
Java SE 8 (JRE) Update 431;Oracle;MindManager 8;Adobe Inc.;85.5
Java SE 8 (JRE) Update 441;Oracle;MindManager 8;Adobe Inc.;85.5
Java SE 8 (JRE) Update 451;Oracle;MindManager 8;Adobe Inc.;85.5
Java SE 8 (JRE) Update 461;Oracle;MindManager 8;Adobe Inc.;85.5
Java SE 8 (JRE) Update 471;Oracle;MindManager 8;Adobe Inc.;85.5
Java SE 8 (JRE) Update 481;Oracle;MindManager 8;Adobe Inc.;85.5
Java Service Wrapper 3 Professional;Tanuki Software Ltd.;Windows 7 Professional;Desconocido;85.5
JAWS 2019;Freedom Scientific;Adobe Captivate 2019;ADOBE SYSTEMS INCORPORATED;85.5
JitbitSoft Macro Recorder 5;Jitbit Software;Adobe Captivate 5;Adobe Inc.;85.5
Keylight 1.2 v22 (Mac);The Foundry Visionmongers Ltd;SAP 2000 V22;CSI;85.5
Krisp 2;Krisp Technologies, Inc.;SPECTRUN OBEY 2;Adobe Inc.;85.5
Labelling Software 8;Teklynx Newco SAS;MindManager 8;Adobe Inc.;85.5
Labelling Software 9;Teklynx Newco SAS;Gobe Software;Desconocido;85.5
Larson Davis SLM Utility-G3 2;Larson Davis;SPECTRUN OBEY 2;Adobe Inc.;85.5
Laserfiche Scanning 11;Laserfiche;EViews 11;Desconocido;85.5
Laserfiche Text Provider 11;Laserfiche;EViews 11;Desconocido;85.5
Laserfiche Twain 11;Laserfiche;EViews 11;Desconocido;85.5
LATS-HVAC 1;LG Electronics;Defender for O365 Plan 1 SubVL Per User;CONTROLES EMPRESARIALES LTDA;85.5
License Manager 10;Trimble Inc.;System Center Configuration Manager;Desconocido;85.5
License Manager 9;Trimble Inc.;System Center Configuration Manager;Desconocido;85.5
LinkWare 10;Fluke Networks;Adobe Captivate 10;Adobe Inc.;85.5
Logic 2;Saleae, Inc;SPECTRUN OBEY 2;Adobe Inc.;85.5
MagIC Net 3;Metrohm;Adobe Creative Suite 3 Master Collection;Adobe Inc.;85.5
MAGNET Field 8;Topcon Positioning Systems, Inc.;Macromedia Dreamweaver 8;ADOBE SYSTEMS INCORPORATED;85.5
Masonry Wall 2022;Fine Ltd.;DDS 2022;Adash;85.5
MasterLinkWindows 11;Honeywell International;EViews 11;Desconocido;85.5
McAfee Client Proxy 4;McAfee LLC;Adobe Creative Suite 4 Master Collection;Adobe Inc.;85.5
McAfee Endpoint Security 8.8;McAfee LLC;McAfee Agent;Desconocido;85.5
McAfee Safe Connect 2;McAfee LLC;IED Connect;Adobe Inc.;85.5
McAfee VirusScan Enterprise 8.8;McAfee LLC;Microsoft BizTalk Server 2013 R2 Enterprise Edition;Desconocido;85.5
MDSolids 4;MDSolids Software;Adobe Creative Suite 4 Master Collection;Adobe Inc.;85.5
Mendeley Desktop 1;Mendeley Ltd;ArcGIS for Desktop Estándar;ESRI COLOMBIA S.A.S.;85.5
Meta Quest Developer Hub 5;Oculus;Adobe Captivate 5;Adobe Inc.;85.5
Meta Quest Remote Desktop 3;Meta;ArcGIS for Desktop;Desconocido;85.5
MetaEditor 5;MetaQuotes Software Corp.;Adobe Creative Suite 5 Master Collection;Adobe Inc.;85.5
MetaTrader Client Terminal 4;MetaQuotes Software Corp.;IBM SPSS Modeler Client Professional (Concurrente);IBM;85.5
MetaTrader Client Terminal 5;MetaQuotes Software Corp.;Adobe Captivate 5;Adobe Inc.;85.5
Micropile 2022;Fine Ltd.;DDS 2022;Adash;85.5
Microsoft Connector for Oracle (Attunity) 3;Attunity Ltd.;Microsoft Office 365 ProPlus;Desconocido;85.5
Microsoft Connector for Teradata (Attunity) 3;Attunity Ltd.;Microsoft Office 365 ProPlus;Desconocido;85.5
MIDAS AMG 1;Midas IT Co.;Defender for O365 Plan 1 SubVL Per User;CONTROLES EMPRESARIALES LTDA;85.5
Miniconda 3;Continuum Analytics, Inc;Adobe Creative Suite 3 Master Collection;Adobe Inc.;85.5
MobiDrive 4;MobiSystems;Adobe Creative Suite 4 Master Collection;Adobe Inc.;85.5
Mobile Device Manager Plus;Zoho Corporation Pvt. Ltd.;Microsoft Office Professional Plus 2013;Desconocido;85.5
Modbus Poll 12;Witte Software;CorelDRAW Graphics Suite 12;CorelDRAW;85.5
Modbus Slave 4;Witte Software;Adobe Creative Suite 4 Master Collection;Adobe Inc.;85.5
Model Predictive Control Toolbox 2025b;The MathWorks;Nextiva Control Center;Desconocido;85.5
MonitorIQ Desktop 23;GroundProbe;Microsoft Windows Remote Desktop Server;Desconocido;85.5
MonitorIQ Desktop 24;GroundProbe;Microsoft Windows Remote Desktop Server;Desconocido;85.5
Motor Control Blockset 2025b;The MathWorks;Geomagic Control X;TRESD Systems;85.5
Movavi Screen Recorder 23;MOVAVI;Archicad 23;Desconocido;85.5
Movavi Screen Recorder 24;MOVAVI;SAP2000 24 ADVANCED INTERNATIONAL STANDALONE;Computers and Structures INC;85.5
Movavi Video Editor 24;MOVAVI;SAP2000 24 ADVANCED INTERNATIONAL STANDALONE;Computers and Structures INC;85.5
MSE Wall 2022;Fine Ltd.;DDS 2022;Adash;85.5
MVLTxi 1;Itron;Defender for O365 Plan 1 SubVL Per User;CONTROLES EMPRESARIALES LTDA;85.5
Nailed Slopes 2022;Fine Ltd.;DDS 2022;Adash;85.5
NDI Tools 5;NewTek;Decision Tools Industrial Standalone;Desconocido;85.5
Neo4j Desktop 1;Neo4j, Inc.;ArcGIS for Desktop Advance;ESRI COLOMBIA S.A.S.;85.5
Netskope Client 125;Netskope;Hyperion Strategic Finance Client;Desconocido;85.5
NGWIN PicPick 7;NGWIN;Microsoft Windows 7 PRO 32-BIT Spanish 1PK DSP OEI 64 DVD NP;Desconocido;85.5
NI Automated Test Software Suite;National Instruments Corporation;TEST HARNESS;ServiSoft S.A.;85.5
NI License Manager 2;National Instruments Corporation;System Center Configuration Manager;Desconocido;85.5
NI License Manager 3;National Instruments Corporation;System Center Configuration Manager;Desconocido;85.5
NI License Manager 4;National Instruments Corporation;System Center Configuration Manager;Desconocido;85.5
Nitro PDF 14 Professional;Nitro Software, Inc.;Microsoft Office Professional Plus 2013;Desconocido;85.5
Nitro PDF 9 Professional;Nitro Software, Inc.;Microsoft Office Professional Plus 2013;Desconocido;85.5
Nori 8;Telefónica;Macromedia Dreamweaver 8;ADOBE SYSTEMS INCORPORATED;85.5
NoSQLBooster for MongoDB 10;NoSQLBooster;ACL for Windows;GIT LTDA;85.5
NoSQLBooster for MongoDB 8;NoSQLBooster;ACL for Windows;GIT LTDA;85.5
NoSQLBooster for MongoDB 9;NoSQLBooster;ACL for Windows;GIT LTDA;85.5
Notifier VeriFire Tools 10;Honeywell International;FLIR Tools;Desconocido;85.5
NotionLabs Notion 3;Notion Labs;Adobe Creative Suite 3 Master Collection;Adobe Inc.;85.5
NotionLabs Notion 4;Notion Labs;Adobe Creative Suite 4 Master Collection;Adobe Inc.;85.5
novaPDF 9;Softland;Adobe Acrobat 9 Pro;Adobe Inc.;85.5
ODBC Driver for Teradata 20;Teradata Corporation;ACL for Windows;GIT LTDA;85.5
OnGuard Area Access Manager 2024;Lenel Systems International;Identity Manager;Microsoft;85.5
OPC HDA Server 2;Advosol Inc.;Microsoft BizTalk Server 2013 R2 Enterprise Edition;Desconocido;85.5
Optimization Toolbox 2025b;The MathWorks;MATLAB con los módulos Image Processing Toolbox y Mapping ToolBox;Desconocido;85.5
PAC Machine Edition 10;Emerson Electric Co;Microsoft BizTalk Server 2013 R2 Enterprise Edition;Desconocido;85.5
PAC Machine Edition 9;Emerson Electric Co;Microsoft BizTalk Server 2013 R2 Enterprise Edition;Desconocido;85.5
Paperport 12;Nuance Communications, Inc.;CorelDRAW Graphics Suite 12;CorelDRAW;85.5
Parallel Computing Toolbox 2025b;The MathWorks;MATLAB con los módulos Image Processing Toolbox y Mapping ToolBox;Desconocido;85.5
Partial Differential Equation Toolbox 2025b;The MathWorks;MATLAB con los módulos Image Processing Toolbox y Mapping ToolBox;Desconocido;85.5
PDF Signer (Secure Soft) 10;Secure Soft;Lumion 10 Pro;Desconocido;85.5
PDF Viewer Component 5;EDrawSoft;Adobe Creative Suite 5 Master Collection;Adobe Inc.;85.5
PDFCreator 6 Professional;pdfforge GmbH;Adobe Creative Suite 6 Master Collection;Desconocido;85.5
PDFsam 7 Enhanced Edit;Sober Lemur S.a.s;Microsoft Windows 7 PRO 32-BIT Spanish 1PK DSP OEI 64 DVD NP;Desconocido;85.5
PDFsam 7 Enhanced View;Sober Lemur S.a.s;Microsoft Windows 7 PRO 32-BIT Spanish 1PK DSP OEI 64 DVD NP;Desconocido;85.5
PDF-XChange 10 Editor;Tracker Software Products;Lumion 10 Pro;Desconocido;85.5
PE Explorer 1;Heaventools Software;Defender for O365 Plan 1 SubVL Per User;CONTROLES EMPRESARIALES LTDA;85.5
Phast 3;U.S. Geological Survey;Adobe Creative Suite 3 Master Collection;Adobe Inc.;85.5
PhotoView 3;OxyTech;Adobe Creative Suite 3 Master Collection;Adobe Inc.;85.5
Pile CPT 2022;Fine Ltd.;DDS 2022;Adash;85.5
Pile Group 2022;Fine Ltd.;DDS 2022;Adash;85.5
Pixillion 11 Plus;NCH Software;Microsoft Office Professional Plus 2013;Desconocido;85.5
PLAXIS 2D 2022 CONNECT Edition;Bentley Systems, Incorporated;Microsoft BizTalk Server 2013 R2 Enterprise Edition;Desconocido;85.5
PLAXIS 2D 2024 CONNECT Edition;Bentley Systems, Incorporated;Microsoft BizTalk Server 2013 R2 Enterprise Edition;Desconocido;85.5
POLYCOM BToE CONNECTOR 4;Polycom;Adobe Creative Suite 4 Master Collection;Adobe Inc.;85.5
Postman Canary 11;Postman, Inc;EViews 11;Desconocido;85.5
Postman Canary 7;Postman, Inc;Microsoft Windows 7 PRO 32-BIT Spanish 1PK DSP OEI 64 DVD NP;Desconocido;85.5
Power Quality Software 1;NOJA Power Switchgear Pty Ltd;Talento Software;Desconocido;85.5
PowerDB Training 11;Power DB Inc.;EViews 11;Desconocido;85.5
PowerMockup 4;Wulfsoft;Adobe Creative Suite 4 Master Collection;Adobe Inc.;85.5
PrecisionTree 8;Lumivero;Macromedia Dreamweaver 8;ADOBE SYSTEMS INCORPORATED;85.5
Predictive Maintenance Toolbox 2025b;The MathWorks;MATLAB con los módulos Image Processing Toolbox y Mapping ToolBox;Desconocido;85.5
Prefab Wall 2022;Fine Ltd.;DDS 2022;Adash;85.5
Presto 2025 Server;Soft SA;Microsoft BizTalk Server 2013 R2 Enterprise Edition;Desconocido;85.5
ProfiCAD 12;www.proficad.com;CorelDRAW Graphics Suite 12;CorelDRAW;85.5
Proficy Alarm Viewer 2;GE Intelligent Platforms Inc;GTECHNOLOGY / NET VIEWER 5 usuarios;INTERGRAPH CORPORATION;85.5
Proficy Change management client API 6;GE Intelligent Platforms Inc;Cisco Systems VPN Client;Desconocido;85.5
Proficy Change management client API 9;GE Intelligent Platforms Inc;Adobe Acrobat 9 Pro;Adobe Inc.;85.5
Proficy Common License;GE Intelligent Platforms Inc;Deep Freeze Cloud Subscription License;Desconocido;85.5
proficy driver server 3;GE Intelligent Platforms Inc;Microsoft BizTalk Server 2013 R2 Enterprise Edition;Desconocido;85.5
proficy global discovery agent 2;GE Intelligent Platforms Inc;McAfee Agent;Desconocido;85.5
Proficy Local License Server Administrator Tool;GE Intelligent Platforms Inc;McAfee Server Security;Desconocido;85.5
Proficy Machine Edition 9;GE Fanuc Automation;Microsoft BizTalk Server 2013 R2 Enterprise Edition;Desconocido;85.5
Profile Manager 9;Softland;System Center Configuration Manager;Desconocido;85.5
Proteus 8 Professional;Labcenter Electronics Ltd.;Microsoft Office Professional Plus 2013;Desconocido;85.5
Psiphon 3;LRepacks;Adobe Creative Suite 3 Master Collection;Adobe Inc.;85.5
pyrevit 5;pyRevitLabs;Adobe Captivate 5;Adobe Inc.;85.5
QGroundControl 4;QGroundControl;Adobe Creative Suite 4 Master Collection;Adobe Inc.;85.5
Qlik NPrinting 21 Designer;QlikTech AB;Qlik View;Desconocido;85.5
Qt Assistant 5;Digia Plc;Adobe Creative Suite 5 Master Collection;Adobe Inc.;85.5
Qt Assistant 6;Digia Plc;Adobe Creative Suite 6 Master Collection;Desconocido;85.5
Qt Designer 5;Digia Plc;Microsoft SharePoint Designer;Desconocido;85.5
QtWebEngineProcess 6;The Qt Company;Adobe Creative Suite 6 Master Collection;Desconocido;85.5
Quest ScriptRunner 13;Quest Software;EViews 13;QMS;85.5
Radlog For Windows 4;Radcom Technologies Ltd;Skype for Business Server Enterprise;Desconocido;85.5
RealVNC 5 Server;RealVNC Limited;Microsoft BizTalk Server 2013 R2 Enterprise Edition;Desconocido;85.5
Redi Rock Wall 2022;Fine Ltd.;DDS 2022;Adash;85.5
RETScreen 7 Expert;Natural Resources Canada;Microsoft Windows 7 PRO 32-BIT Spanish 1PK DSP OEI 64 DVD NP;Desconocido;85.5
RETScreen 9 Expert;Natural Resources Canada;StruxureWare Data Center Expert;Desconocido;85.5
Revo Uninstaller 5 Pro;VS Revo Group;Vegas Pro;Desconocido;85.5
RF Toolbox 2025b;The MathWorks;MATLAB con los módulos Image Processing Toolbox y Mapping ToolBox;Desconocido;85.5
RISKOptimizer 8;Lumivero;Macromedia Dreamweaver 8;ADOBE SYSTEMS INCORPORATED;85.5
Robust Control Toolbox 2025b;The MathWorks;Geomagic Control X;TRESD Systems;85.5
Rock Stability 2022;Fine Ltd.;DDS 2022;Adash;85.5
RocPlane 4;Rocscience Inc.;Adobe Creative Suite 4 Master Collection;Adobe Inc.;85.5
RS2 11;Rocscience Inc.;EViews 11;Desconocido;85.5
RSA SecureID Software Token 5;RSA Security;VersaPro Software;Redes Electricas S.A;85.5
RSData 1;Rocscience Inc.;Defender for O365 Plan 1 SubVL Per User;CONTROLES EMPRESARIALES LTDA;85.5
Safenet Authentication Service 3;SafeNet, Inc.;Dynamics 365 for Customer Service (On-Premises) User CAL;Desconocido;85.5
Safenet Authentication Service 4;SafeNet, Inc.;Dynamics 365 for Customer Service (On-Premises) User CAL;Desconocido;85.5
Schematic Dataset Editor 10;ESRI;Lumion 10 Pro;Desconocido;85.5
Screen Capture 3 Pro (Mac);Boniten, Inc.;Vegas Pro;Desconocido;85.5
ScreenConnect by ScreenConnect 22 Client;ConnectWise;Cisco Systems VPN Client;Desconocido;85.5
ScreenConnect by ScreenConnect 23 Client;ConnectWise;Cisco Systems VPN Client;Desconocido;85.5
SDI-12 Verifier 5;NR Systems;Adobe Creative Suite 5 Master Collection;Adobe Inc.;85.5
SecureCRT 9;VanDyke Software;Adobe Acrobat 9 Pro;Adobe Inc.;85.5
SecurOS 11;ISS, Inc;SecurOS Professional;Inteligente Security Systems;85.5
Seequent Connector 2022;Geosoft;Microsoft Windows  External Connector;Desconocido;85.5
Seequent Connector 2024;Geosoft;Microsoft Windows  External Connector;Desconocido;85.5
Sentinel HASP 12;SafeNet, Inc.;CorelDRAW Graphics Suite 12;CorelDRAW;85.5
Sentinel HASP 8;SafeNet, Inc.;Macromedia Dreamweaver 8;ADOBE SYSTEMS INCORPORATED;85.5
Sentinel RMS License Manager 8;SafeNet, Inc.;Microsoft Windows 8;Desconocido;85.5
Sentinel RMS License Manager 9;SafeNet, Inc.;Identity Manager;Microsoft;85.5
Settlement 2022;Fine Ltd.;DDS 2022;Adash;85.5
Sheeting Check 2022;Fine Ltd.;DDS 2022;Adash;85.5
Sheeting Design 2022;Fine Ltd.;Adobe CS6 Design and Web Premium;Adobe Inc.;85.5
Sheeting Design 2023;Fine Ltd.;Adobe CS6 Design and Web Premium;Adobe Inc.;85.5
SICAM Device Manager 4;Siemens Energy;System Center Configuration Manager;Desconocido;85.5
Signal Processing Toolbox 2025b;The MathWorks;MATLAB con los módulos Image Processing Toolbox y Mapping ToolBox;Desconocido;85.5
Signiant 1;Signiant Inc;Defender for O365 Plan 1 SubVL Per User;CONTROLES EMPRESARIALES LTDA;85.5
SIGRA 4;Siemens AG;Adobe Creative Suite 4 Master Collection;Adobe Inc.;85.5
SIMATIC Step 7 v5.6;Siemens AG;Microsoft Windows 7 PRO 32-BIT Spanish 1PK DSP OEI 64 DVD NP;Desconocido;85.5
SIMATIC Step 7 v5.7;Siemens AG;Microsoft Windows 7 PRO 32-BIT Spanish 1PK DSP OEI 64 DVD NP;Desconocido;85.5
SimLab Composer 9;Simulation Lab Software;Hyperion System 9 Strategic Finance - Named Interactive User Perpetual;Oracle;85.5
Simulink Control Design 2025b;The MathWorks;G Design Studio;ServiSoft S.A.;85.5
Slope Stability 2022;Fine Ltd.;DDS 2022;Adash;85.5
Smart Touch Technology 1;Kodak alaris Inc.;Defender for O365 Plan 1 SubVL Per User;CONTROLES EMPRESARIALES LTDA;85.5
Smart Touch Technology 2;Kodak alaris Inc.;SPECTRUN OBEY 2;Adobe Inc.;85.5
SmartScript 1;WAGO;Defender for O365 Plan 1 SubVL Per User;CONTROLES EMPRESARIALES LTDA;85.5
Smowl CM 3;SMOWLTECH;Adobe Creative Suite 3 Master Collection;Adobe Inc.;85.5
Smowl CM 4;SMOWLTECH;Adobe Creative Suite 4 Master Collection;Adobe Inc.;85.5
Smowl CM 5;SMOWLTECH;Adobe Captivate 5;Adobe Inc.;85.5
Snow Inventory Agent 6.13;Snow Software AB;McAfee Agent;Desconocido;85.5
Snow Inventory Agent 6.14;Snow Software AB;McAfee Agent;Desconocido;85.5
Snow Inventory Agent 7.0;Snow Software AB;McAfee Agent;Desconocido;85.5
Snow Inventory Agent 7.0 (Mac);Snow Software AB;McAfee Agent;Desconocido;85.5
Snow Inventory Saas Metering 7.0;Snow Software AB;CymGrd Substation 7.0;CYME;85.5
SonTek FlowTracker 1;SonTek;Defender for O365 Plan 1 SubVL Per User;CONTROLES EMPRESARIALES LTDA;85.5
Spread Footing 2022;Fine Ltd.;DDS 2022;Adash;85.5
Spread Footing CPT 2022;Fine Ltd.;DDS 2022;Adash;85.5
SQL Prompt 9.2 Pro;Red Gate Software Ltd;Vegas Pro;Desconocido;85.5
SqlDbx 3;AngStream LLC;Adobe Creative Suite 3 Master Collection;Adobe Inc.;85.5
SqlDbx 6;AngStream LLC;Adobe Creative Suite 6 Master Collection;Desconocido;85.5
SSH Secure Shell Client 3;SSH Communications Security Corporation;Adobe Creative Suite 3 Master Collection;Adobe Inc.;85.5
StatTools 8;Lumivero;Macromedia Dreamweaver 8;ADOBE SYSTEMS INCORPORATED;85.5
Stratigraphy 2022;Fine Ltd.;DDS 2022;Adash;85.5
Studio 3T;3T Software Labs GmbH;Expression Studio Ultimate;Desconocido;85.5
SureThing Express Labeler 3;MicroVision Development;Microsoft SQL Server 2005 Express Edition (SA);Microsoft;85.5
Swedge 6;Rocscience Inc.;Adobe Creative Suite 6 Master Collection;Desconocido;85.5
Swedge 7;Rocscience Inc.;Windows 7 Professional;Desconocido;85.5
Sybase Interactive SQL 17;Sybase;Microsoft SQL Server 2005 Express Edition (SA);Microsoft;85.5
Symantec Data Center Security 6.7 Server Edition;Symantec;McAfee Server Security;Desconocido;85.5
Symantec Endpoint Protection 14.2;Symantec;MS Endpoint Configmgr Clt Mgmt Lic Per User Mgmt LSA;CONTROLES EMPRESARIALES LTDA;85.5
Symbolic Math Toolbox 2025b;The MathWorks;MATLAB con los módulos Image Processing Toolbox y Mapping ToolBox;Desconocido;85.5
Synergi Gas 4;DNV AS;Adobe Creative Suite 4 Master Collection;Adobe Inc.;85.5
System Identification Toolbox 2025b;The MathWorks;System Center Standard;Desconocido;85.5
SystemTools Remote Control Manager 1;SystemTools Software Inc;CA- Service Desk Manager;Desconocido;85.5
T3k Configuration 2.8;Habilience;System Center Configuration Manager;Desconocido;85.5
Tableau Desktop 2022;Salesforce, Inc.;Microsoft Windows Remote Desktop Server;Desconocido;85.5
Tabular Editor 3;Tabular Editor ApS;Adobe Creative Suite 3 Master Collection;Adobe Inc.;85.5
TAC Vista 8;Schneider Electric;Macromedia Dreamweaver 8;ADOBE SYSTEMS INCORPORATED;85.5
TAC Vista Graphics Editor 5;Schneider Electric;Adobe Captivate 5;Adobe Inc.;85.5
Teradata Data Connector 20;Teradata Corporation;Oracle Hyperion Financial Data Quality Management;Oracle;85.5
TerraSync 4;Trimble Inc.;Adobe Creative Suite 4 Master Collection;Adobe Inc.;85.5
Text Analytics Toolbox 2025b;The MathWorks;ACL Analytics;Desconocido;85.5
Toolbelt 2;Extron Electronics;SPECTRUN OBEY 2;Adobe Inc.;85.5
Topcon Link 7;Topcon Positioning Systems, Inc.;Windows 7 Professional;Desconocido;85.5
TopRank 8;Lumivero;Macromedia Dreamweaver 8;ADOBE SYSTEMS INCORPORATED;85.5
TOSCA Testsuite 23 Server;TRICENTIS;Microsoft BizTalk Server 2013 R2 Enterprise Edition;Desconocido;85.5
Total Commander 10;Ghisler Software GmbH;Total network inventory management;Desconocido;85.5
Total Commander 8;Ghisler Software GmbH;Adobe Acrobat 8 Professional;Adobe Inc.;85.5
Total Commander 9;Ghisler Software GmbH;Total network inventory management;Desconocido;85.5
Totally Integrated Automation Portal 17;Siemens AG;SPRUTCAM X 17 - Robot;SprutCAM Tech;85.5
Trellix Agent 5.7;Musarubra US LLC.;Trend Micro Deep Security Agent;Trend Micro;85.5
Trellix Agent 5.8;Musarubra US LLC.;Trend Micro Deep Security Agent;Trend Micro;85.5
Trellix Data Exchange Layer 6.0 for MA;Musarubra US LLC.;Borland C++ 6.0;Symantec;85.5
Trellix Data Exchange Layer 6.0 for TA;Musarubra US LLC.;Borland C++ 6.0;Symantec;85.5
Trellix Endpoint Security 10.7;Musarubra US LLC.;MS Endpoint Configmgr Clt Mgmt Lic Per User Mgmt LSA;CONTROLES EMPRESARIALES LTDA;85.5
TS-Ad-Aware Web Companion 1;Lavasoft;GEOMEDIA WEB MAP;INTERGRAPH CORPORATION;85.5
TS-ArcGIS Connection 10;ESRI;Lumion 10 Pro;Desconocido;85.5
TS-ArcMap 10;ESRI;Adobe Captivate 10;Adobe Inc.;85.5
TS-Citrix Analytics 22;Citrix Systems, Inc.;ACL Analytics;Desconocido;85.5
TS-Citrix Analytics 24;Citrix Systems, Inc.;ACL Analytics;Desconocido;85.5
TS-Citrix Analytics 25;Citrix Systems, Inc.;ACL Analytics;Desconocido;85.5
TS-GoodSync 12;Siber Systems Inc;CorelDRAW Graphics Suite 12;CorelDRAW;85.5
TsiLang Files Editor 6;SiComponents;Adobe Creative Suite 6 Master Collection;Desconocido;85.5
TS-Total Commander 8;Ghisler Software GmbH;MindManager 8;Adobe Inc.;85.5
UltimateZip 3;SWE von Schleusen;Adobe Creative Suite 3 Master Collection;Adobe Inc.;85.5
UltraISO 9 Premium;EZB Systems;Adobe CS6 Design and Web Premium;Adobe Inc.;85.5
Unwedge 3;Rocscience Inc.;Adobe Creative Suite 3 Master Collection;Adobe Inc.;85.5
Unwedge 5;Rocscience Inc.;Adobe Captivate 5;Adobe Inc.;85.5
Vensim 8 Pro;Ventana Systems, Inc.;Microsoft Dynamics CRM Pro;Desconocido;85.5
VeryPDF PDF to DWG Converter 3;verypdf.com;Ultranalysis Suite 3;SDT;85.5
VI Package Manager 2019;JKI;System Center Configuration Manager;Desconocido;85.5
View Pro 4;Campbell Scientific, Inc.;Microsoft Dynamics CRM Pro;Desconocido;85.5
VNC Server 5.2;RealVNC Limited;McAfee Server Security;Desconocido;85.5
Water Evaluation And Planning 1;Stockholm Environment Institute;CARIS HIPS and SIPS;Teledyne Caris;85.5
Wavewin 4;Softstuf, Inc.;Adobe Creative Suite 4 Master Collection;Adobe Inc.;85.5
WBS Schedule Pro 5;Critical Tools;Vegas Pro;Desconocido;85.5
WCFStorm 4 Enterprise;WCFStorm Solutions;Microsoft BizTalk Server 2013 R2 Enterprise Edition;Desconocido;85.5
WHO Anthro 1 Plus;WHO;Microsoft Office Professional Plus 2013;Desconocido;85.5
WHO Anthro 3;WHO;Adobe Creative Suite 3 Master Collection;Adobe Inc.;85.5
WildEdit 2;Helios Software Solutions;SPECTRUN OBEY 2;Adobe Inc.;85.5
Windmill Chart 7;Windmill Software Ltd;"WBS Chart Pro
WBS Chart Pro";Microdyne;85.5
Windmill DDE Panel 7;Windmill Software Ltd;Microsoft Windows 7 PRO 32-BIT Spanish 1PK DSP OEI 64 DVD NP;Desconocido;85.5
Windmill Logger 7;Windmill Software Ltd;Microsoft Windows 7 PRO 32-BIT Spanish 1PK DSP OEI 64 DVD NP;Desconocido;85.5
Windows Switchgear Operating System 5;Schneider Electric;Windows 7 Professional;Desconocido;85.5
Windsurf 1;Exafunction;Defender for O365 Plan 1 SubVL Per User;CONTROLES EMPRESARIALES LTDA;85.5
Wispr Flow 1;Wispr Flow;Defender for O365 Plan 1 SubVL Per User;CONTROLES EMPRESARIALES LTDA;85.5
Wondershare Auto Reframe 1 (Mac);Wondershare;System 1 5.05;CorelDRAW;85.5
WPS Presentation 11;Kingsoft Office Software, Inc.;EViews 11;Desconocido;85.5
WPS Spreadsheets 11;Kingsoft Office Software, Inc.;EViews 11;Desconocido;85.5
WPS Writer 12;Kingsoft Office Software, Inc.;CorelDRAW Graphics Suite 12;CorelDRAW;85.5
XBRL Express Reporting Standard 3;Reporting Estándar;Microsoft Office Mac Standard 2016 Sngl OLP 1License No Level;Desconocido;85.5
Xlight FTP Server 3;XLIGHTFTPD;Microsoft BizTalk Server 2013 R2 Enterprise Edition;Desconocido;85.5
XMind 25;XMind Ltd.;GTECHNOLOGY / NET VIEWER 25 usuarios;INTERGRAPH CORPORATION;85.5
XnView MP 1;XnSoft;Defender for O365 Plan 1 SubVL Per User;CONTROLES EMPRESARIALES LTDA;85.5
Yodot Outlook PST Repair 3;Yodot Software;Adobe Creative Suite 3 Master Collection;Adobe Inc.;85.5
Zero Trust Secure Access 2;Trend Micro;Microsoft Access 2016 Sngl OLP 1License NoLevel;Desconocido;85.5
Zoho Meeting 4;Zoho Corporation Pvt. Ltd.;Adobe Creative Suite 4 Master Collection;Adobe Inc.;85.5
ZoomText 2019;Freedom Scientific;Adobe Captivate 2019;ADOBE SYSTEMS INCORPORATED;85.5
CAISSON 16;Power Line Systems Inc.;CARIS;ServiSoft S.A.;80.0
CAISSON 18;Power Line Systems Inc.;CARIS;ServiSoft S.A.;80.0
CAISSON 20;Power Line Systems Inc.;CARIS;ServiSoft S.A.;80.0
Fixed-Point Designer 2025b;The MathWorks;IFIX;Oracle;77.1
TOWER 15;Power Line Systems Inc.;PLS-TOWER;Power Line Systems;76.7
TOWER 19;Power Line Systems Inc.;PLS-TOWER;Power Line Systems;76.7
TOWER 20;Power Line Systems Inc.;PLS-TOWER;Power Line Systems;76.7
Anti-Slide Pile 2023;Fine Ltd.;SLIDE2;Rocscience;75.0
eDrawings 33;Dassault Systemes;Radwin;Fluidis;75.0
ReadWin 2000 v1;Endress+Hauser Management AG;Radwin;Fluidis;75.0
OnGuard 8.2;Lenel Systems International;OnGuard System;ServiSoft S.A.;73.9
Kickstart 2;Tektronix, Inc.;KICKSTARTFL-DMM;KEITHLEY;73.8
SoftGold ABViewer 15;CADSoftTools;LabVIEW 2015;ServiSoft S.A.;73.3
TeamViewer Portable 15;PortableApps.com;WTVIEWER;KEITHLEY;73.3
Abutment 2023;Fine Ltd.;ABB;CorelDRAW;72.0
AccuGrade 11;Caterpillar;ACL;GIT LTDA;72.0
CADSoftTools Thumbnails 15;CADSoftTools;Audisoft;Desconocido;72.0
Cosmos Browser 2025;Chaos Software GmbH;CGO;CHCNAV;72.0
Cosmos Browser 2026;Chaos Software GmbH;CGO;CHCNAV;72.0
Earth Pressures 2023;Fine Ltd.;ERA;Desconocido;72.0
Easyduct 2024;CYPE Ingenieros,S.A;ERA;Desconocido;72.0
GoToMeeting 10;GoTo;CGO;CHCNAV;72.0
IDEA StatiCa 23;IDEA StatiCa;Stata;ServiSoft S.A.;72.0
IdeaRCS 23;IDEA StatiCa;IDL;Harris;72.0
Postman Canary 10;Postman, Inc;Canva;Microdyne;72.0
Prefab Wall 2023;Fine Ltd.;LPR;ISS;72.0
Presto 2025;RIB Software AG;LPR;ISS;72.0
Proficy Historian 12;GE Intelligent Platforms Inc;LPR;ISS;72.0
Simba Spark ODBC 2;Simba Technologies;SPARD;Desconocido;72.0
Stratigraphy 2025;Fine Ltd.;Stata;ServiSoft S.A.;72.0
WinZip;Corel Corporation;WinPro solutions;Microsoft;72.0
Simscape 2025b;The MathWorks;Enscape;Chaos;71.2
WPS Presentation 12;Kingsoft Office Software, Inc.;Citrix XenApp (Presentation Server) Advanced User;Desconocido;71.1
Hilti PROFIS Anchor 2;Hilti Corp.;Hilti_PROFIS_Detection;Hilti Colombia S.A.S;70.5
RocSlope2 v1;Rocscience Inc.;RocFall;Rocscience;70.0
RLM 14.0;Reprise Software, Inc.;Risk Professional 4.0;Desconocido;69.2
RLM 15.1;Reprise Software, Inc.;Hyperion Pillar 5.1;Oracle;69.2
UltraSite32 v1;Emerson Electric Co;UltraEdit-32;ServiSoft S.A.;69.2
DJI Terra 2;DJI;ERA;Desconocido;68.4
Fiddler Everywhere 5.19;Progress Software Corporation;ERA;Desconocido;68.4
Gabion 2022;Fine Ltd.;BIOWIN;Enviro Sim Associates LTD.;68.4
Gabion 2023;Fine Ltd.;BIOWIN;Enviro Sim Associates LTD.;68.4
Gabion 2025;Fine Ltd.;BIOWIN;Enviro Sim Associates LTD.;68.4
IE Tab 16;Blackfish Software;ABB;CorelDRAW;68.4
NI-VISA 18;National Instruments Corporation;SAC;Desconocido;68.4
Slab 2023;Fine Ltd.;ABB;CorelDRAW;68.4
Slab 2025;Fine Ltd.;ABB;CorelDRAW;68.4
UiExplorer 20.10;UiPath Inc;ERA;Desconocido;68.4
UiExplorer 21.4;UiPath Inc;ERA;Desconocido;68.4
UiExplorer 22.10;UiPath Inc;ERA;Desconocido;68.4
UiExplorer 23.10;UiPath Inc;ERA;Desconocido;68.4
UiExplorer 23.4;UiPath Inc;ERA;Desconocido;68.4
UiExplorer 24.10;UiPath Inc;ERA;Desconocido;68.4
UiExplorer 25.0;UiPath Inc;ERA;Desconocido;68.4
UiExplorer 25.10;UiPath Inc;ERA;Desconocido;68.4
WPS Writer 11;Kingsoft Office Software, Inc.;ERA;Desconocido;68.4
Advance Steel 2021;Autodesk, Inc.;FACE;ISS;67.5
Advance Steel 2024;Autodesk, Inc.;FACE;ISS;67.5
Advance Steel 2026;Autodesk, Inc.;FACE;ISS;67.5
AIMMS 24.3;AIMMS;IHMS;ServiSoft S.A.;67.5
AIMMS 24.5;AIMMS;IHMS;ServiSoft S.A.;67.5
AIMMS 24.6;AIMMS;IHMS;ServiSoft S.A.;67.5
AIMMS 25.1;AIMMS;IHMS;ServiSoft S.A.;67.5
AIMMS 25.5;AIMMS;IHMS;ServiSoft S.A.;67.5
AIMMS 25.9;AIMMS;IHMS;ServiSoft S.A.;67.5
Anaconda 2021;Anaconda Inc;Canva;Microdyne;67.5
Anaconda 2023;Anaconda Inc;Canva;Microdyne;67.5
Anaconda 2024;Anaconda Inc;Canva;Microdyne;67.5
Anaconda 2025;Anaconda Inc;Canva;Microdyne;67.5
Cantilever Wall 2023;Fine Ltd.;Canva;Microdyne;67.5
GRAPHISOFT BIMx 2019;Graphisoft;Audisoft;Desconocido;67.5
GRAPHISOFT BIMx 2021;Graphisoft;Audisoft;Desconocido;67.5
GRAPHISOFT BIMx 2023;Graphisoft;Audisoft;Desconocido;67.5
Intel VTune Profiler 2023;Intel Corporation;TurbnPro;ServiSoft S.A.;67.5
Inventoria 11;NCH Software;ORCA;Hexing;67.5
Laboratory 2025;Fine Ltd.;ORCA;Hexing;67.5
Leapfrog Geo 2023;Seequent Limited;GEO5;Fine Software;67.5
Leapfrog Geo 2024;Seequent Limited;GEO5;Fine Software;67.5
Mobioffice 11;MobiSystems;FACE;ISS;67.5
OpenEdge 10.2B;Progress Software Corporation;COPRE;CHC NAV;67.5
Sivigila 18;Instituto Nacional de Salud;SiEva;Desconocido;67.5
Spread Footing 2023;Fine Ltd.;SPARD;Desconocido;67.5
Spread Footing CPT 2023;Fine Ltd.;SPARD;Desconocido;67.5
Svantek Supervisor 2;Svantek;SiEva;Desconocido;67.5
Beam 2022;Fine Ltd.;DDS 2022;Adash;66.7
Pile 2022;Fine Ltd.;DDS 2022;Adash;66.7
Shaft 2022;Fine Ltd.;DDS 2022;Adash;66.7
SSM3000 v3;Zera GmbH;SAP2000 V23;CSI;66.7
Bentley RAM Connection 25;Bentley Systems, Incorporated;IED Connect;Adobe Inc.;65.5
PDF-XChange 2;Tracker Software Products;Exchange Server  Standard;Desconocido;65.5
ROCLINK 800 v2;Emerson Electric Co;RocFall;Rocscience;65.5
Slope Stability 2023;Fine Ltd.;Eos-Utility;CANADA;65.5
Twinmotion 2023;Epic Games, Inc.;Winsam;ZERA;65.5
WinHex 16;X-Ways Software;WinECP;Adobe Inc.;65.5
WinRAR Archiver 7.1;RARLAB (published by win.rar GmbH);WinaXe;Desconocido;65.5
Trimble LayOut 17;Trimble Inc.;Trimble Business Center;Trimble;65.4
@RISK 8.5;Lumivero;Lumion 8.5;LUMION;64.4
@RISK 8.0;Palisade;Risk Professional 4.0;Desconocido;64.3
@RISK 8.8;Lumivero;Risk Professional 4.0;Desconocido;64.3
Ground Loss 2023;Fine Ltd.;DDS 2022;Adash;64.3
MasterLinkWindows 15;Honeywell International;windPRO;Adobe Inc.;64.3
MasterLinkWindows 16;Honeywell International;windPRO;Adobe Inc.;64.3
Nailed Slopes 2023;Fine Ltd.;DDS 2022;Adash;64.3
Totally Integrated Automation Portal 18;Siemens AG;AutoCAD;Desconocido;64.3
TS-Totally Integrated Automation Portal 18;Siemens AG;AutoCAD;Desconocido;64.3
Micropile 2023;Fine Ltd.;Microsoft Office Professional Plus 2013;Desconocido;64.1
NeuralTools 8.0;Lumivero;FLIR Tools;Desconocido;64.1
RLM 17.0;Reprise Software, Inc.;WRQ Reflection X 11.0;MICROFOCUS;64.1
RocTopple 2;Rocscience Inc.;CPLEX;IBM;64.1
Settlement 2023;Fine Ltd.;VxElements;Creaform;64.1
TAC Vista 11;Schneider Electric;Stata;ServiSoft S.A.;64.1
TextPad 8.0;Helios Software Solutions;SPARD;Desconocido;64.1
TextPad 8.2;Helios Software Solutions;SPARD;Desconocido;64.1
TextPad 8.4;Helios Software Solutions;SPARD;Desconocido;64.1
TextPad 8.5;Helios Software Solutions;SPARD;Desconocido;64.1
TextPad 9.4;Helios Software Solutions;SPARD;Desconocido;64.1
TextPad 9.7;Helios Software Solutions;SPARD;Desconocido;64.1
TextPad 9.9;Helios Software Solutions;SPARD;Desconocido;64.1
XMind 26;XMind Ltd.;SINDE;Desconocido;64.1
NTLite 2024;Nlitesoft d.o.o.;PowerJobsClient24.0_Vault2024;CoolOrange;63.5
WinZip 27;Corel Corporation;Microsoft WinPro 7;Desconocido;63.5
Total: 1143;;Total network inventory management;Desconocido;63.5
AGU-Vallen Wavelet 2021;Vallen Systeme GmbH;TABLE WARE;Fluke;63.0
AGU-Vallen Wavelet 2023;Vallen Systeme GmbH;TABLE WARE;Fluke;63.0
MobiControl 14;SOTI;Geomagic Control X;TRESD Systems;62.5
MobiControl 15;SOTI;Geomagic Control X;TRESD Systems;62.5
JAWS 2023;Freedom Scientific;DDS 2022;Adash;61.9
JAWS 2025;Freedom Scientific;DDS 2022;Adash;61.9
Pile Group 2023;Fine Ltd.;PLS POLE;BENTLEY SYSTEMS INTERNATIONAL LIMITED;61.1
Pile Group 2025;Fine Ltd.;PLS POLE;BENTLEY SYSTEMS INTERNATIONAL LIMITED;61.1
Beam 2023;Fine Ltd.;ERA;Desconocido;60.0
Check Point VPN E84.00;Check Point Software Technologies Ltd.;PC400;Campbell Scientific;60.0
CIMPLICITY HMI/SCADA 12;GE Vernova;SAC;Desconocido;60.0
Cinema 4D 9.5;MAXON Computer GMBH;ERA;Desconocido;60.0
ETABS 16.2;Computers and Structures Inc.;ABB;CorelDRAW;60.0
Figma 125;Figma;IFIX;Oracle;60.0
Figma 126;Figma;IFIX;Oracle;60.0
Gravity Wall 2023;Fine Ltd.;ERA;Desconocido;60.0
ibisPaint 13.1;ibis inc;SAC;Desconocido;60.0
Intel oneAPI Math Kernel Library 2023;Intel Corporation;SINDE;Desconocido;60.0
Java SE 16 (JDK);Oracle;Canva;Microdyne;60.0
Landis+Gyr .MAP110 v5.4;Landis+Gyr;GALVAN;Desconocido;60.0
Landis+Gyr .MAP110 v5.5;Landis+Gyr;GALVAN;Desconocido;60.0
Landis+Gyr .MAP110 v6.0;Landis+Gyr;GALVAN;Desconocido;60.0
Landis+Gyr .MAP110 v6.1;Landis+Gyr;GALVAN;Desconocido;60.0
Landis+Gyr .MAP120 v4.1;Landis+Gyr;GALVAN;Desconocido;60.0
Landis+Gyr MAP120 v7.0;Landis+Gyr;SAP2000 v20;CSI;60.0
LLVM/SPIR-V translator 2023;Intel Corporation;DIRANA;Desconocido;60.0
LockDown Browser 2;Respondus, Inc;ERA;Desconocido;60.0
LsAgent 12.2;Lansweeper;SAC;Desconocido;60.0
Masonry Wall 2023;Fine Ltd.;ACL;GIT LTDA;60.0
Masonry Wall 2025;Fine Ltd.;ACL;GIT LTDA;60.0
MSE Wall 2023;Fine Ltd.;ACL;GIT LTDA;60.0
NI Device Monitor 17;Mouser Electronics;EViews;Desconocido;60.0
NotionLabs Notion 2;Notion Labs;ABB;CorelDRAW;60.0
novaPDF 11;Softland;Canva;Microdyne;60.0
Npcap 1.76 OEM;Nmap;Enscape;Chaos;60.0
Npcap 1.80 OEM;Nmap;Enscape;Chaos;60.0
PILAR 2025.1 BCM;A.L.H. J. Mañas S.L.;LPR;ISS;60.0
Pile 2023;Fine Ltd.;Microsoft Office Professional Plus 2013;Desconocido;60.0
Pile CPT 2023;Fine Ltd.;WinECP;Adobe Inc.;60.0
Pile CPT 2025;Fine Ltd.;WinECP;Adobe Inc.;60.0
Pitch pRTI 2;Pitch Software GmbH;Google SketchUp Pro 2015;GOOGLE;60.0
Redi Rock Wall 2023;Fine Ltd.;ACL;GIT LTDA;60.0
Redi Rock Wall 2025;Fine Ltd.;ACL;GIT LTDA;60.0
ReluxEnergyCH 2024;Relux Informatik AG;Telus;Adobe Inc.;60.0
Revit Importer 2026;Trimble Inc.;ERA;Desconocido;60.0
RLM 14.2;Reprise Software, Inc.;MindManager 14;Adobe Inc.;60.0
Rock Stability 2023;Fine Ltd.;ABB;CorelDRAW;60.0
Rock Stability 2025;Fine Ltd.;ABB;CorelDRAW;60.0
Shaft 2023;Fine Ltd.;Microsoft InfoPath 2013;Microsoft;60.0
Sheeting Check 2023;Fine Ltd.;Xseed;Xseed;60.0
Snow Inventory Saas Metering 6.13;Snow Software AB;WinECP;Adobe Inc.;60.0
Snow Inventory Saas Metering 6.14;Snow Software AB;WinECP;Adobe Inc.;60.0
Style Builder 17;Trimble Inc.;ERA;Desconocido;60.0
Style Builder 21;Trimble Inc.;ERA;Desconocido;60.0
TS-Snow Inventory Saas Metering 6.14;Snow Software AB;WinECP;Adobe Inc.;60.0
WallControl 10 v1;Datapath Ltd;CGO;CHCNAV;60.0
WPS Spreadsheets 12;Kingsoft Office Software, Inc.;ERA;Desconocido;60.0
Zoho Meeting 2;Zoho Corporation Pvt. Ltd.;Tinn R;Desconocido;60.0
JETCET PDF 2;Westtek;Project Pro 2019;Microsoft Corporation;57.1
GAMS 46.4;GAMS Development;IHMS;ServiSoft S.A.;57.0
Simulink 2025b;The MathWorks;DDS 2022;Adash;57.0
TS-Landis+Gyr MAP110 v7.0;Landis+Gyr;MAPPER;Adobe Inc.;57.0
TS-Landis+Gyr .MAP110 v6.0;Landis+Gyr;Aisladas;Desconocido;56.2
Phase2 v9;Rocscience Inc.;SLIDE2;Rocscience;55.0
Check Point Firewall 87 (Mac);Check Point Software Technologies Ltd.;SiEva;Desconocido;54.0
TS-Check Point VPN E85.40;Check Point Software Technologies Ltd.;SIGCE;Desconocido;54.0
TS-Check Point VPN E86.50;Check Point Software Technologies Ltd.;SIGCE;Desconocido;54.0
TS-Check Point VPN E86.80;Check Point Software Technologies Ltd.;SIGCE;Desconocido;54.0
TS-Check Point VPN E87.20;Check Point Software Technologies Ltd.;SIGCE;Desconocido;54.0
Check Point VPN E80.51;Check Point Software Technologies Ltd.;ACE Pilot;Desconocido;52.9
Check Point VPN E84.30;Check Point Software Technologies Ltd.;ACE Pilot;Desconocido;52.9
Check Point VPN E84.60;Check Point Software Technologies Ltd.;ACE Pilot;Desconocido;52.9
Check Point VPN E85.00;Check Point Software Technologies Ltd.;ACE Pilot;Desconocido;52.9
Check Point VPN E85.20;Check Point Software Technologies Ltd.;ACE Pilot;Desconocido;52.9
Check Point VPN E85.40;Check Point Software Technologies Ltd.;ACE Pilot;Desconocido;52.9
Check Point VPN E86.0;Check Point Software Technologies Ltd.;ACE Pilot;Desconocido;52.9
Check Point VPN E86.10;Check Point Software Technologies Ltd.;ACE Pilot;Desconocido;52.9
Check Point VPN E86.40;Check Point Software Technologies Ltd.;ACE Pilot;Desconocido;52.9
Check Point VPN E86.50;Check Point Software Technologies Ltd.;ACE Pilot;Desconocido;52.9
Check Point VPN E86.80;Check Point Software Technologies Ltd.;ACE Pilot;Desconocido;52.9
Check Point VPN E87.00;Check Point Software Technologies Ltd.;ACE Pilot;Desconocido;52.9
Check Point VPN E87.10;Check Point Software Technologies Ltd.;ACE Pilot;Desconocido;52.9
Check Point VPN E87.30;Check Point Software Technologies Ltd.;ACE Pilot;Desconocido;52.9
Check Point VPN E88.00;Check Point Software Technologies Ltd.;ACE Pilot;Desconocido;52.9
Check Point VPN E88.30;Check Point Software Technologies Ltd.;ACE Pilot;Desconocido;52.9
Check Point VPN E88.50;Check Point Software Technologies Ltd.;ACE Pilot;Desconocido;52.9
Check Point VPN E89.00;Check Point Software Technologies Ltd.;ACE Pilot;Desconocido;52.9
